Datetag,Timetag2,350.0,353.3,356.6,359.9,363.2,366.5,369.8,373.1,376.4,379.7,383.0,386.3,389.6,392.9,396.2,399.5,402.8,406.1,409.4,412.7,416.0,419.3,422.6,425.9,429.2,432.5,435.8,439.1,442.4,445.7,449.0,452.3,455.6,458.9,462.2,465.5,468.8,472.1,475.4,478.7,482.0,485.3,488.6,491.9,495.2,498.5,501.8,505.1,508.4,511.7,515.0,518.3,521.6,524.9,528.2,531.5,534.8,538.1,541.4,544.7,548.0,551.3,554.6,557.9,561.2,564.5,567.8,571.1,574.4,577.7,581.0,584.3,587.6,590.9,594.2,597.5,600.8,604.1,607.4,610.7,614.0,617.3,620.6,623.9,627.2,630.5,633.8,637.1,640.4,643.7,647.0,650.3,653.6,656.9,660.2,663.5,666.8,670.1,673.4,676.7,680.0,683.3,686.6,689.9,693.2,696.5,699.8,703.1,706.4,709.7,713.0,716.3,719.6,722.9,726.2,729.5,732.8,736.1,739.4,742.7,746.0,749.3,752.6,755.9,759.2,762.5,765.8,769.1,772.4,775.7,779.0,782.3,785.6,788.9,792.2,795.5,798.8
2025163.0,193213448.0,0.23969222475166174,0.2440865656410123,0.24119940930098635,0.24671461212107423,0.2698800192348414,0.2949423457182691,0.29616627642254034,0.29024150488596634,0.2966159802838895,0.29370056718208687,0.2766306430640764,0.2797255384741413,0.29825197929729447,0.30347169624801573,0.3413855809148807,0.41953472447271956,0.4764223334133836,0.4948287275183125,0.5050080078633513,0.5239357308666491,0.5338689935103995,0.5355803261857335,0.5357960963166883,0.5222921651442567,0.5116853492115088,0.5347325956844987,0.5746523529228615,0.6122843326068684,0.649108631657238,0.693118516941673,0.7304698706191427,0.7554312726700341,0.773970809505731,0.7945137313274842,0.8089894077061449,0.8140139734195935,0.8236396183588093,0.846148179563681,0.8741827832953188,0.8980372342662539,0.8984832360555618,0.8867704941910423,0.8927145881351356,0.9257159287231019,0.9491269594912515,0.9552167380843265,0.961481176498994,0.9787877634161369,0.9978307748905174,0.9956547930980543,0.9769404653225514,0.9833703029912809,1.0179409459286788,1.0511922975531072,1.076427803079905,1.1014249226418966,1.1148028701938848,1.1192992351978461,1.1223063200799241,1.1314208264819374,1.141136712623737,1.1497055839545471,1.1487756618898217,1.1443459232920796,1.14726336741011,1.1479754542234135,1.1411436437901852,1.129280481823387,1.1115580445386557,1.0881490753743563,1.060540391671546,1.0102988241473123,0.9368328132470228,0.8684484697540296,0.8112526790563835,0.7518149086740742,0.692258773808349,0.6484512478282081,0.6197029548178127,0.5981452857673543,0.5783986864180416,0.5624977193852444,0.5511563924202868,0.5378513654241959,0.5215385307276525,0.5066416645971961,0.4973901436199552,0.4917461834767156,0.48224435384174325,0.46770518290752483,0.4519789789200955,0.43544211521710896,0.41221559107770034,0.39165991527788996,0.3806894429056522,0.3765148764609185,0.36937712380205595,0.36344453185015335,0.35988694881659883,0.36055164498425124,0.35833759612554417,0.34117508022751386,0.31785188926142305,0.30246724288294513,0.29702189479910474,0.2900706424117616,0.27631594484456806,0.2631861116516666,0.2520994446427849,0.23716729573038556,0.21521447996660195,0.18622974267685574,0.16383762238036303,0.1540072641603707,0.1472432410128037,0.14430451022641316,0.1454638245367735,0.14686896329522794,0.14668872205832667,0.14861337683365963,0.148737765533807,0.14625399406734424,0.14402544315511673,0.12809217431132505,0.09892718310225627,0.08268076642598374,0.09777674411548597,0.11951813670640077,0.13028205317767952,0.13096584585856152,0.12861612013807625,0.12846648688250994,0.12782418671444337,0.12479185567288904,0.12476670145588875,0.12229807215625516,0.12179536983782009
2025163.0,193716182.0,0.24201505264488588,0.2468158202085063,0.24373363883848603,0.2480078407346007,0.27149608754880405,0.2971284864877971,0.2978130028538232,0.29223425736428604,0.2975620000725885,0.2948594669849722,0.27810829357359024,0.2808526963313465,0.2988406717665599,0.3027739592055304,0.3410061096516005,0.42047137210246843,0.47685364155378773,0.49325444297036325,0.5045724030586701,0.5225240374138245,0.5324028429941458,0.533962196428756,0.5326902536859502,0.5185944590261699,0.5080613688412471,0.5310278773116623,0.5697741795055938,0.6052895945504512,0.6414803842353766,0.6842615464955915,0.7206770030279668,0.7452900104139144,0.7624960063391759,0.7810432321320215,0.7955581430625169,0.8007701166505681,0.8089291566191731,0.8307714790965542,0.8563931199842914,0.8797441344276548,0.8800928540780074,0.8675589099165976,0.8736503442368055,0.906215613981178,0.9296258581799937,0.934653761012388,0.9422980203139544,0.9572352017456662,0.974958350147587,0.973938871620913,0.9548955589655546,0.9608037991580856,0.9955247266828258,1.02876229656207,1.0530368578065004,1.078446222731554,1.0922416083199409,1.0954619446736726,1.0999023004371016,1.1092107168718381,1.1180488782300007,1.1271712612428877,1.1249031380009702,1.1209611454695463,1.124078551426447,1.1242896059550973,1.1170580553853873,1.1047561681847529,1.088455768183405,1.0665749922918706,1.0377936865149764,0.9878572761541381,0.9172454191101608,0.8481270100290604,0.7899827128904736,0.7330897501821452,0.675520117310357,0.6325268006510324,0.6048633514063909,0.5843145897232928,0.5648915260001994,0.5495103964794595,0.5388608485238603,0.5260855241710845,0.508754284310105,0.4942217175970856,0.48697543214058436,0.4816840942180153,0.4734105682402938,0.4580641902371885,0.4417238216682895,0.4261740616963613,0.40395950870516756,0.38273668454599574,0.37302500301378416,0.3670326873988278,0.3613681943460031,0.3557826624715913,0.35113841921496963,0.3523952281912098,0.3495739963578731,0.3337158618885771,0.31145384122503383,0.29390248923347595,0.29004354012964173,0.28229886582445274,0.26987108677163196,0.25852108521794326,0.2474124340750933,0.23564655367977236,0.21446949443368926,0.18453802010473797,0.1643446640981324,0.15400297032748358,0.14714576912468466,0.14591684666332316,0.1477829852102083,0.14998242048513816,0.15033200990334622,0.15019099897054267,0.1513669953327481,0.14920555692720966,0.14745161090415185,0.12984533959227823,0.09918407820095836,0.08357597889890127,0.09964878701454669,0.12215297262364735,0.13353310648381916,0.13513042455189134,0.13341340976745955,0.1326242001213491,0.13096587648303265,0.12848577413575074,0.1259574088652059,0.124804513551942,0.12413436109801627
2025163.0,194218595.0,0.2377134082247425,0.24259722886121254,0.23942933975792496,0.24375228341303945,0.26742224675480086,0.29267528067265114,0.29356272133537,0.28811447445283045,0.2924700206780234,0.28916225590137506,0.2724675094891746,0.2750851495117053,0.29395187946092766,0.29861696469202303,0.33598591705796466,0.41446831920102556,0.47007760699269324,0.4868094472613147,0.4979874579453305,0.5151059504314204,0.5244502799143461,0.5259847193156325,0.5255383800975586,0.5124735386329409,0.5015100196912275,0.5235392439837249,0.5620815146887272,0.5972756690374048,0.6331491018805251,0.6755138115142967,0.7110646109622987,0.7357300972692951,0.7527601294539044,0.7712798600540927,0.7859854464825852,0.7906474795007677,0.7996747134406251,0.8211964058809244,0.8457574876161006,0.8688508618849982,0.8691228035916854,0.857056934629297,0.8620124318243593,0.8939603845966497,0.9182286215404248,0.9238842339597365,0.9313309247709584,0.9467884308637412,0.9653272510604575,0.9635739056720376,0.9465105638031889,0.9521024772211641,0.9866194059618124,1.0194113517674968,1.0437247574387631,1.0690657604709644,1.0829531631460763,1.0861717180204096,1.0899261586846876,1.0995396452028454,1.1081753487650525,1.1175892157039145,1.115666759438111,1.1120654851379497,1.114241689757723,1.1143188785711158,1.1079393613314579,1.0953562908863406,1.0787239799660753,1.0569998543525565,1.0283803202556354,0.9790960177044893,0.9080411023430737,0.8394633409350093,0.782128766416223,0.7249399275919104,0.6689487575845451,0.6272643255689887,0.6005676098084841,0.5796757725161252,0.5599759147048093,0.5450744963541847,0.5341717203638487,0.5211966827814192,0.5035780618627195,0.4893179235591521,0.48139497198627584,0.47682048056898213,0.467138671306971,0.4531923484454467,0.43794712426022697,0.42106184935510144,0.3992164648643009,0.37966742342935783,0.36941340219562124,0.3644710928899084,0.35682376262620163,0.35169332334996506,0.3481560409615835,0.3479856916443265,0.3452625260380487,0.330248184222938,0.30749315573604835,0.2917926748073108,0.2873927046489446,0.27967718766777383,0.2680591312272627,0.256107251792342,0.24469163339345096,0.2327206292447592,0.21127055408215184,0.18379989710543518,0.16263635845979707,0.15357269810450086,0.14847682617717756,0.14615905209119137,0.14728109132010656,0.14918414004576694,0.1484597497353847,0.15035946748446824,0.15134508199129362,0.1485431349595683,0.1465284705742939,0.12887728913765706,0.09897709516601903,0.08350078251280789,0.0996703997754671,0.12137324563910366,0.132145847919124,0.13323718008709923,0.13326900434941824,0.1311652141359621,0.12947281577125844,0.12676906261299625,0.12513645728069409,0.12409149513317196,0.12330677233458817
2025163.0,194716620.0,0.23445341527410002,0.2394532584833275,0.23628465556091602,0.24088175806461315,0.26450432728732176,0.2890999852667398,0.2908999974813463,0.28545721467769053,0.2903273911050103,0.28854399051065066,0.27088502923197716,0.27351404649925093,0.2927837178904136,0.29629939497498675,0.3339820413146607,0.41197552318761843,0.46693245126577826,0.48400517165412016,0.4944628347325322,0.5120807789003996,0.5213321760261798,0.523049612315707,0.5230248358050515,0.5092792933686837,0.49919361848240634,0.5214452305166087,0.5601708907625702,0.5944651002070591,0.6299115883885015,0.6716640857131843,0.7080040411012437,0.7326512739395301,0.7487211402035008,0.7677752889224402,0.7825230788024097,0.7871508066050762,0.7962487309932034,0.8169670252584362,0.8418409899944116,0.865326142400878,0.8660342133074884,0.8537952699788928,0.859232887600804,0.8899704526777272,0.9152673756633577,0.9209275570759454,0.9279788412612063,0.943014995923968,0.9612737624344474,0.9617228143771441,0.9429903953075497,0.9491432833922472,0.9840676188885038,1.0162929518935289,1.0415128609603042,1.0666401126791007,1.0803912553343702,1.0835461493697294,1.087775513182946,1.0973142875180788,1.1069658553363353,1.1156518448283708,1.114395207353569,1.1092285010041256,1.1114146330676777,1.1134800921579457,1.1067022335324503,1.0928200215745976,1.0761425133748603,1.0547165004413634,1.0266009330066228,0.9764349820228008,0.9059073599394358,0.8383713457175578,0.78039199475542,0.7237453929941641,0.6676172630121485,0.6261990034444427,0.6003340041413897,0.5805257364059646,0.5609243443037951,0.5461793232497119,0.5355929427165397,0.5217530576467413,0.503189575611725,0.4893132906530144,0.48211129794225005,0.47659257803076505,0.4676938328759482,0.4545747843250047,0.438263618868847,0.42179916577038207,0.4010178082994408,0.3795972913958293,0.3684619360499405,0.3648524086207631,0.3587500247870441,0.35404579354105287,0.3490296530388114,0.34869359182048687,0.3471116979327878,0.3303691334119772,0.30845650073960806,0.29218351867472425,0.2872287336943146,0.2808614858144961,0.268139203069099,0.2572524512512292,0.24787960948921875,0.2338185923413561,0.21341477331356912,0.18426593751735557,0.16317060918032816,0.15336929597936313,0.14704249977400477,0.1455546392896468,0.14752873170594177,0.14981152617428944,0.15140056830261134,0.1511941581733675,0.15092882622905074,0.1509371294704103,0.14778469186385973,0.131211894322111,0.10072193866260637,0.08299658944424532,0.10056290886168118,0.12305973676363229,0.13436389851059147,0.13581314716046697,0.13288027606124975,0.13307209752083163,0.13021590682980538,0.1273290102381089,0.12703984032611487,0.12585840327623912,0.12533809807701207
2025163.0,195156789.0,0.22608190269486245,0.23124321048797553,0.22748526148552395,0.23217005918163464,0.2545211013412531,0.27817740561257315,0.2794258256557928,0.27339500802957534,0.2798235811420606,0.2771584844325836,0.2595816075545665,0.2627660587573495,0.2802724846361496,0.28459569248629096,0.31991367830227796,0.3946884492608356,0.4478378397987996,0.46445465818278253,0.4755268419947586,0.49222929705159874,0.501179537507915,0.5023585421608415,0.5023981472921163,0.4890674228281783,0.47939998905484615,0.5011298581699335,0.5375873212280589,0.5726794747404663,0.6065932725457004,0.6466477029282949,0.6826104948288998,0.7059277502059896,0.7224124881166011,0.7404385303238906,0.7540978498071799,0.7604531832926755,0.7681942711378305,0.7898701272643158,0.8134316088906204,0.83774644255249,0.837963350003364,0.8264509063593829,0.8319962781967154,0.8635944052411456,0.8880512168671884,0.8944640783702995,0.9003559284771174,0.9162757573310393,0.9344806383180443,0.9356678732516905,0.9173241663713136,0.9235220607787842,0.9577471922303507,0.98940137119891,1.0148468958966583,1.0391874119837559,1.0545448598062157,1.0575678315850934,1.062093296681533,1.0728723508097084,1.081837914017592,1.090922198259066,1.0895654396729046,1.0853905720091692,1.0882771521806365,1.089683603886765,1.0833257881637421,1.0700454351975386,1.0544144150058272,1.0342903008322888,1.0071925971871272,0.9590937458505363,0.8882106047278142,0.8205017950713269,0.7650243045092062,0.7098001834328687,0.653933552437177,0.613101180905535,0.5885641467113631,0.5677993980256986,0.548218373951275,0.5342431758003606,0.524039228069065,0.5107723830552293,0.4916939289679267,0.47849360944847164,0.4718664136704771,0.4650692583237391,0.4581099176980871,0.4434602040956532,0.4270662808168258,0.41280556629730136,0.39132906181182386,0.3734501216991339,0.36088732541119495,0.3559301505624094,0.3509046172322471,0.34399562553472496,0.3399751458422883,0.341138953936946,0.33931077415334254,0.3222279370192658,0.30120884797715086,0.28458155935335816,0.27875954199193126,0.2733642755269749,0.2616510175895168,0.24984919819042917,0.24083433037545396,0.2259163126993236,0.20601010194534444,0.17624046810101962,0.15724587476253302,0.1459631719494998,0.14122586129720796,0.14074804665093654,0.14107695119105296,0.14349540711358894,0.14487992820886395,0.14597862816525095,0.1458544381655748,0.14258553768967738,0.1425993308490828,0.12623771546238152,0.09670693277401286,0.07994434980099913,0.09462728515394957,0.11879365817861388,0.12785220747216772,0.13120028033909642,0.12995400942881888,0.12881947273446842,0.12707029364272696,0.12443904320333757,0.12527897768919133,0.12517670897143376,0.12280529611428675
2025163.0,195720189.0,0.23114289410214017,0.23674784213335995,0.23447039125121893,0.23864775827067072,0.2617035245144424,0.2869501770226121,0.28824698765928564,0.2825628174044787,0.2880554859505665,0.2863245239939332,0.26973961477586844,0.272526573276872,0.2909117575535562,0.29476631781993956,0.332637135777774,0.4099629220008254,0.46446312677662455,0.48179997915437606,0.49295311810907433,0.5110275704522874,0.5207064378692668,0.522213349651642,0.522267033269253,0.5083304335529543,0.498464180408336,0.5204616788520089,0.5589851153058363,0.5946617480181845,0.6295066483106795,0.671702467625543,0.7076740927555255,0.7319625670036941,0.7491843283046596,0.7679892702203254,0.7822983551769781,0.787539266454991,0.7963301470305101,0.8170964269942463,0.8417562627456305,0.8654042215005527,0.8656996214527006,0.8543481214287794,0.8593071657927815,0.8913213888470893,0.9166782622378019,0.9215350161558553,0.9283188925256685,0.9433684582196413,0.9626442133718431,0.9622409875830161,0.9439152590923453,0.9490456096998833,0.9841051177953016,1.016813489836842,1.0420902299105876,1.0669328049432714,1.081648592212513,1.0840706654946604,1.0886033708516356,1.0991332792804998,1.108493879721783,1.11665746098242,1.1155697232822792,1.1107784724283327,1.1130478905647634,1.1150104472799844,1.1086463503268167,1.094218633288887,1.0776413502748385,1.0581003123098032,1.0299451428769535,0.9802752887905648,0.9101494516058952,0.8424671907394181,0.7856426562129785,0.7294527651225107,0.6732897931021022,0.6316160539062758,0.6053847860549904,0.5848801943740877,0.5656113222484925,0.5505734483026701,0.5406471676169563,0.5275406012618101,0.5096262166413276,0.4956477074487821,0.4885057354894346,0.4838075356090544,0.47473281338922574,0.4605952491174671,0.4436921014145966,0.42768090804238645,0.40552213514613483,0.38574250291328127,0.3742231362695503,0.3691249273369047,0.36336892726418707,0.35775897068558,0.35354015980905873,0.3536846275946585,0.35143462867779873,0.33526266091038326,0.31243832398402005,0.2953206360743888,0.2911750435347354,0.28441495694922875,0.2719173396214938,0.26055059623458904,0.2498216313918242,0.23656003727594224,0.2140624320523161,0.18569497703994597,0.1638663816835611,0.153284930903424,0.14805522816918382,0.1456998507583941,0.14796569442492716,0.15034036834000658,0.15109618471399663,0.15236873713718746,0.15205540088409802,0.1508238904049954,0.14820996659434688,0.13118590231583113,0.10066537136503212,0.0850041055975905,0.09988992208974251,0.12339992769645823,0.1350399124617984,0.13610316493319832,0.13584586824450504,0.13544561807211608,0.1317988562018098,0.1291460370138807,0.1277539749054678,0.12690172312363013,0.12486403925364305
2025163.0,200222608.0,0.22410768485884056,0.22930126167125972,0.2271433119478724,0.2315395669112216,0.2540154577739689,0.27875348365817976,0.2798001143711132,0.2746834154831039,0.2804896780543927,0.2771954129505238,0.2615833066171531,0.26544082896587146,0.2827278430927608,0.28693902348617806,0.3233554165587773,0.39845754812076434,0.4518762191278267,0.4686527789202179,0.47998782307199583,0.497735983920071,0.506771332860375,0.508967809821021,0.5090640606097803,0.495959037799827,0.4867864972094491,0.5087350111845036,0.5477508778891348,0.5824885094259188,0.6173268152411736,0.6592252577337191,0.6949943737898799,0.7198698188251789,0.7368238233195964,0.7558866714722999,0.7711492824955354,0.776996244856256,0.7861838655634805,0.8076970675636599,0.8327255196860807,0.8572193931938162,0.8585310308148241,0.8474457193394862,0.8529483749588734,0.8857427966143603,0.911214903520364,0.9168789353297847,0.9236974927818735,0.9389389424034765,0.9588418260860659,0.9591308019760887,0.9412990278576675,0.9464962841655207,0.9820289547494745,1.0149189026463181,1.0398824143817775,1.0653632636502541,1.0802486360742447,1.0824484621351664,1.0875160380828894,1.098533860409254,1.1074637582881603,1.116279941445517,1.11561561709052,1.1108604541424703,1.1132919644954604,1.1148944308265396,1.1086896697067647,1.0937882468406246,1.0770405245450905,1.0584514353869936,1.0313189535817242,0.982303250416985,0.9125666428192386,0.8452817334101499,0.789019108476852,0.733321343268535,0.6782463368870425,0.6377249506259393,0.6116330885819412,0.5911373030241809,0.5716636413166144,0.5576734477849054,0.5475006414609468,0.5339829865353528,0.5159192116532356,0.5024613805823401,0.4951826940251221,0.49029917046820376,0.4818746545609725,0.4677973820116767,0.4515809748322418,0.4349433876739278,0.41374099545709697,0.3937775979727436,0.3830133378645014,0.3778457801274469,0.37219378151382615,0.3664655646050607,0.3617456336877519,0.36296467217475836,0.3609205756414585,0.34400191111496864,0.3203393745629511,0.303912342795028,0.2996546388974067,0.2926634702894741,0.28085700903400684,0.26941998421705976,0.26037580469307087,0.24827806115829743,0.2253451570630779,0.19542522357004574,0.17248200875680275,0.16219768499624426,0.15687154170488452,0.15553077367373033,0.15988372639497403,0.16260287323071354,0.16535212727271692,0.16600456040421782,0.1666464994242205,0.16477159504266295,0.16346951170366444,0.1440155155529563,0.10924284678309477,0.09112026985296175,0.10889570238511452,0.1367378256984393,0.14995104218130975,0.15082775919196337,0.15091705346012518,0.1493701257802276,0.1458558681520894,0.1435880980148611,0.14172541952044546,0.14009695683261925,0.13826740606464155
2025163.0,200718360.0,0.22777277030095155,0.2333789137905188,0.23102565825308302,0.23578871176765231,0.258743008571057,0.2838706487091597,0.28525323076215015,0.27970993686401435,0.28567405214684094,0.28352289770310335,0.26723647335686274,0.2705260239088153,0.2891486768194621,0.29345853845778286,0.33091209979062725,0.4074975919481195,0.46244479640385705,0.48033556344909867,0.49103445291022113,0.5089569753617031,0.5187208095483784,0.5204208137875945,0.5208061312399261,0.5072135295698488,0.49725203183516253,0.5194976774746205,0.558473665213196,0.594220515083008,0.6295558770523975,0.671518021262649,0.7077250433731486,0.7325648368736937,0.7495868635970304,0.7681029167171373,0.7831171277700681,0.7882581790783052,0.7972027917179727,0.8174126022567776,0.8430632169370055,0.8672605901864474,0.8678928522789541,0.8557183923326575,0.8609156422373762,0.8933096614353996,0.918814027262265,0.923743395942734,0.9313257258229685,0.9459905378733471,0.9658456968683089,0.9654909149687283,0.9469992503223749,0.9512841318043899,0.9868453466899944,1.0199528216561446,1.0445064383605347,1.0689147364742966,1.083653917905867,1.0856221609572958,1.0912196869068755,1.1017459991396605,1.1106556263169136,1.1189799452359257,1.1183668270988354,1.1137494789755409,1.1155646350096977,1.1166910900287792,1.1109357643824704,1.096436568320096,1.0794958314142051,1.0611844245710365,1.034601975210079,0.9861591376719371,0.9173163362511761,0.8503936299994216,0.7947272261706583,0.7400464381041846,0.6846282975303384,0.644163896255361,0.6184497914593472,0.59815478182276,0.5790595724325325,0.5640929080177904,0.5542187998280866,0.5403486873056937,0.52187422951516,0.5088847972502085,0.501084998952917,0.4964814695761926,0.4887002257776988,0.4742007099196791,0.4579387283488119,0.44100856067134525,0.41869660595229946,0.39938436912537234,0.3880246232937309,0.3832014937594366,0.37816962031762014,0.3723894151292139,0.3683641255285167,0.3691235894454085,0.3666352008365617,0.35029368414714457,0.3245446227448682,0.3079961820205266,0.3040343002895526,0.29687344203216204,0.28578825402921393,0.274373959572208,0.2645925097079903,0.2524783222362725,0.2294833949445855,0.20008099742348961,0.17717301334847482,0.16603494968180788,0.16121480019048337,0.16004206095820997,0.16415418386183345,0.16863153868624253,0.17031323845682564,0.1723462671986117,0.17234852922214178,0.17075442737568955,0.16803219465128688,0.1475214867512876,0.11209342752571731,0.09435431698346558,0.11203477502178458,0.13978090090227513,0.15298754939327935,0.15600204860179595,0.15586251589308556,0.15469267267017928,0.15177477814501117,0.14806814466594828,0.1449413613286546,0.14486593479959037,0.14362912321914106
2025163.0,201223795.0,0.22278739279344525,0.2279059499554573,0.2263123844775197,0.2305998902328666,0.25230902742600564,0.2773081918726248,0.27899809739342524,0.2733432274651417,0.2788093291160495,0.276730206691949,0.26046536278264915,0.2640458874902922,0.28223796883718766,0.2859218203027982,0.3227240809024896,0.3980083463887525,0.4512325546242184,0.4675462868527781,0.47856758291573553,0.49633233818443734,0.505855266717577,0.5074692767561733,0.5078694760270772,0.49431057579995774,0.48486444533856604,0.5062458744405748,0.5444341001117313,0.5792849120663467,0.6133845547075482,0.6547101089540938,0.6899197145499394,0.7137190065838094,0.731103035420277,0.7486103802397771,0.7635605183435998,0.7685187363594029,0.7771487322436567,0.7971589921161957,0.8217619241628398,0.8450534378806966,0.8457276006119764,0.8348996116394679,0.8398804897072051,0.8706443970724465,0.895448013591272,0.9007080434009144,0.9072235515847649,0.9218941259489806,0.9414437191571712,0.9407725854877529,0.9229996596237732,0.9283788677036671,0.9621220936489151,0.9946643644490499,1.0187134122296668,1.0425106964624111,1.0565516701091353,1.0583539141844558,1.0638957223946026,1.0739558535461995,1.0826952888778196,1.0909464533936113,1.0900359798796073,1.0852143677675263,1.087485943924361,1.0883834921598792,1.0822826855881287,1.0678848774840597,1.0509699331380393,1.0335937632597785,1.0087277078548085,0.9620652218025441,0.8950044788314563,0.8297813154461143,0.7751013394336043,0.721136798911304,0.6676833926964052,0.6292737610633103,0.6042902649281403,0.5839929230578659,0.5651290946710644,0.5508844205653196,0.5415404056482042,0.528144738115472,0.5098906752689255,0.49754693018712337,0.4908431081193344,0.4858216369566467,0.477961928456658,0.4638146822184909,0.447326908510818,0.4315823733285985,0.41055009042264473,0.39119006874663964,0.38073168663624257,0.3758879445161568,0.37072579348450907,0.3645437142584305,0.36029874856532945,0.36042888823010677,0.3580910233580061,0.3415595777736396,0.3172287916986331,0.300385544433072,0.2979261873943724,0.29113367490575637,0.27962673172103203,0.269134162710313,0.2597707199496002,0.24858415554819688,0.22662569972302446,0.1966055956060568,0.17472904308209908,0.16419785968862352,0.15960204875487502,0.15911535521372833,0.16352178777965964,0.16861862542789396,0.1699565697557486,0.1722004567213279,0.17363767536496574,0.1712554278993002,0.1695106761274088,0.14883297323098504,0.11316251347550071,0.09482767561150118,0.1124831268984121,0.14104899806173707,0.15520194208052462,0.1559089817093238,0.1560613805258874,0.1546161613283573,0.15136882919180727,0.14842670307233927,0.14613186000145162,0.1457596552615885,0.14396312795529637
2025163.0,201724995.0,0.2225151145454279,0.22888457533212805,0.22676482122663097,0.23104329748510377,0.25358195146218865,0.27828972988523026,0.2801227465847516,0.2749274497935941,0.28006640197040045,0.27804393156683516,0.2623545586460143,0.2655352953732822,0.2838390731821312,0.2876440890071674,0.3248682051010379,0.400754627243093,0.4538856764905103,0.47106437522976263,0.4823148160375928,0.5001868711744212,0.5101151995224451,0.5118708382012517,0.5118546697668621,0.4985864893701741,0.4885871095790604,0.5102850183397384,0.5482252555711121,0.5836094790270961,0.6188853599129468,0.6596500295362387,0.6955164763443705,0.7205309839461064,0.7370214962966138,0.7551797968890319,0.7705403990222357,0.7748137673887387,0.7833856364576445,0.8034483423626194,0.8288047572634757,0.8522170836544258,0.8529214161123871,0.8420114428796783,0.8463228694167533,0.8776874171367518,0.9026303507838193,0.9074483976359222,0.9145362556750837,0.9287229762425864,0.9480514897918714,0.947444609860856,0.9295103262954256,0.9347697168657588,0.9688207538480966,0.9997220610157811,1.024106933093237,1.0482696558948268,1.0615771850161346,1.0639826554626637,1.068052356444065,1.0777788000557378,1.0863678760724553,1.0931327655944054,1.0921728236794055,1.0869902514118073,1.0884746319249905,1.0887218454553944,1.0819676138239294,1.0678830733378573,1.050885714662106,1.0335229241062438,1.0086008109079123,0.9619535387206426,0.8960553710004217,0.831332045633879,0.7765963817605477,0.7222017602641647,0.6682842878908011,0.6301459945377299,0.6051469932883068,0.5842197917086381,0.5653395742316915,0.5515833467656847,0.5414981927820365,0.5288835918754946,0.5102725398648807,0.49687380832636113,0.4908440747638838,0.48586852083399384,0.4772925382073664,0.46336362618147164,0.44644555633979066,0.4314146123816273,0.40970305393154,0.3900073593064248,0.37915545911267956,0.3741789944261669,0.36882138628223066,0.36250460009835306,0.35790541141474763,0.35791096295166824,0.35464255964947355,0.3392302105151192,0.31363844405662983,0.2977781165725108,0.29484042505830754,0.2878201647122627,0.2769420538697982,0.2651897169410294,0.2551894007990733,0.24374732971597962,0.22147567350785186,0.19125152155080427,0.1703802730801997,0.1598834469681643,0.15505682117923417,0.15381013095029283,0.15668974303346284,0.16077429452669578,0.1619249679074564,0.16259457383228837,0.1633842440644195,0.1621044337919466,0.16022775531983124,0.14116576156094687,0.1063578071074744,0.0890117441186771,0.1065449340820373,0.13284381787213867,0.14625766613686578,0.1464996727547945,0.1469336811134499,0.14548794520795302,0.14096780715732332,0.1385723101285562,0.13657856203123725,0.13694039653856088,0.13527580205513523
2025163.0,202226221.0,0.21927624950273505,0.225162343055184,0.2237547493519911,0.2282177037685362,0.25032703983519056,0.27465444736597966,0.27647127337925953,0.27179854376538853,0.27710568504299354,0.27468076472379455,0.25931540008672793,0.2623350479307613,0.2802237052199963,0.2848584525879922,0.32111322294771605,0.39580961643360996,0.4491510478388347,0.46601859902456044,0.4767112985823854,0.49436269998079896,0.5036049645247119,0.5057457089231957,0.5057679664345028,0.49323288202003324,0.4834070741015683,0.5047587351095466,0.5427363281636434,0.5775957159875921,0.6117147704599335,0.6526888320751904,0.6880516060534145,0.7129628046322884,0.7290904905674228,0.7466396301063463,0.7616855454799901,0.7675469525631337,0.7753736080592422,0.7953341791483215,0.8194250158446011,0.8426293064270393,0.8439868786512794,0.8317301236415996,0.8368364550001952,0.8680061313344049,0.8934452941874078,0.8983438708241593,0.9028707451053193,0.9174692486346694,0.9356629669727028,0.9352955684502131,0.9184274404393407,0.9224439428401737,0.955298082484865,0.9859689921952747,1.0094196855472228,1.0343786417448242,1.0459571374189354,1.0482927651718803,1.053221819616435,1.0620435749780675,1.0707068037966212,1.0782511821084664,1.076341155730983,1.0707035707716643,1.0726282537153926,1.073148931171502,1.0674391433309103,1.0537859453270402,1.0363655926375215,1.0183956722321656,0.9943070215522599,0.9501560354665352,0.8854380353326455,0.8216371355679096,0.7685868459708207,0.7168381682382896,0.6652956128727415,0.6267239497825421,0.6013273452055982,0.5815156621666895,0.5630123261248111,0.5491225295190247,0.5397226646163718,0.5254994607329269,0.5071576908130608,0.4947474294706534,0.48772149903249135,0.4836726734303495,0.4761612806188884,0.461106707936785,0.4452461634835453,0.42923450194276297,0.4076905503741369,0.38825655095185907,0.3772845369494137,0.3738211714340524,0.3665334075228369,0.36177227564136943,0.3576420853525339,0.35665413271932,0.35496568903364817,0.3380057559361419,0.3133736225073923,0.2976266102475338,0.2935554658392022,0.2874888020902793,0.276702001231216,0.2652877321235207,0.2550801321988851,0.2433657046058981,0.22097873889322328,0.1923109399084848,0.16943128836470114,0.15982439008578322,0.15488047943412744,0.15381817178197713,0.15759191724597768,0.1610406418631807,0.16352012775707042,0.1651773877907057,0.1649120692439338,0.16378676737958883,0.1611861907299143,0.14155814247358925,0.10802066756411734,0.09022477233878455,0.10730904237999575,0.13360790338233608,0.14586200226602636,0.14780263863750587,0.14742719150865716,0.14698726478818502,0.14442310699894048,0.13986622334788365,0.1386655295374459,0.13702957958291587,0.135835779440148
2025163.0,202727420.0,0.2188091226738278,0.22445549435599518,0.2227965232912011,0.22722841485870726,0.24911768744077464,0.2737014211760356,0.2760056324188937,0.27076509268306564,0.27599019236954586,0.2741228368690572,0.2588210231111198,0.26240487482792535,0.2795952219577409,0.28406417757717073,0.3208434650196414,0.3954865040891628,0.4489910242572579,0.4656520164888983,0.47563573163505096,0.49384227452163976,0.5035448508750405,0.5050917059612816,0.5056200988441335,0.4924202891578036,0.4827034785520377,0.5039166317926738,0.5412100088420725,0.5763031321851245,0.609520430199763,0.6499854691106062,0.6852808165844508,0.7097081045301038,0.7253861594578989,0.7423751966294261,0.7573100424512408,0.7626183228973376,0.7698427914039825,0.7893416205221108,0.8132260690366362,0.836295248312268,0.836735994875225,0.8245204186347298,0.829526665992816,0.860300342718033,0.8855098794259242,0.8889466212143333,0.8933767014229624,0.9077432690759746,0.9264286115628001,0.9260313135408018,0.9094252234560799,0.9133951709301883,0.9453078035547577,0.9754738383084277,0.9985766930389063,1.0231814380335633,1.0350798454680523,1.0370739808029663,1.0415916913881889,1.0501671474367058,1.0592842476374877,1.0668519852272986,1.0649473562518914,1.0593460995142907,1.0613830634660744,1.0619683988192539,1.0567428919709358,1.0427714777146952,1.0259550169881617,1.0093775654000254,0.9856470153652421,0.9427726225535171,0.8790693567286803,0.8158710943206653,0.764912124501065,0.7142131410738851,0.6635303361009084,0.6272129228875472,0.6025730372789302,0.5829442955981471,0.5644469515015038,0.5503179142041542,0.5416942361766073,0.5280310687887412,0.5097094705021545,0.4974734271431655,0.4901496642750695,0.48684643514724807,0.4797255176227001,0.4655331094709117,0.4492468011651854,0.4334703585598859,0.41203224483789563,0.39316098346071654,0.3832366360365382,0.379619228710005,0.3729350447160792,0.36769671187873615,0.36315640664276116,0.3625528687006368,0.35990443950946066,0.34304280931487124,0.3182017165090811,0.30287407095592794,0.29948002927726747,0.2926962926041724,0.2827525162945452,0.2713032130578171,0.26278954598459675,0.2506012854606809,0.228509952201508,0.1981634421161292,0.1751242837666046,0.1656400922038451,0.16135568326141614,0.16136428282002357,0.16548001538908028,0.17008075580810453,0.1717313229333327,0.1740626387554966,0.17431462540810452,0.1724481784687775,0.17035090563675864,0.14938547742209532,0.11344998168972605,0.09397840455166509,0.11401275647163689,0.14219140196314342,0.15502444869061888,0.15718001088006506,0.15660450525657355,0.15631775867815786,0.15346804786381218,0.1490688669585081,0.1478712574244088,0.1449206178522561,0.14324331018893924
2025163.0,203227744.0,0.22051222116571315,0.226132583725905,0.22541171198665183,0.23056161063860178,0.25301204351842893,0.2779806568943908,0.2804376629711757,0.27611385898226914,0.2818641502877333,0.2797259717631244,0.26467204236882663,0.2685763932493954,0.2865080087646597,0.2916312682949518,0.32980264403247084,0.4069968622603493,0.4615186775661764,0.47911731859071677,0.49102959375212196,0.5100864310617236,0.5197015287664933,0.521841147697999,0.5225835538090172,0.5096427911454895,0.49920871339118505,0.5219809076154671,0.5613712608210406,0.5979484952609561,0.6320638475796228,0.6751531685468009,0.7118681234037211,0.7369886051284567,0.7537147013127541,0.7714510526702902,0.7864818596842785,0.7925194854679147,0.8002742281333841,0.8212146100068264,0.8460088232522028,0.8694617629904703,0.8695668092835056,0.8579291623840607,0.8624961968086768,0.894848693210098,0.9204795944532838,0.9227983641952597,0.9268056006349579,0.9418648777251928,0.9614596190159492,0.9618845165449904,0.9433387962656653,0.9466164800651089,0.9797767798411315,1.0113775076459584,1.0342524451286008,1.0594221932436414,1.0712907098490023,1.072969975097678,1.0764061336918511,1.0853427781763647,1.0942631525698574,1.101847390222529,1.0999617687542134,1.0934662265584683,1.0945653640610493,1.0945517303204582,1.0888058906474083,1.0753083115956217,1.0575332433785687,1.0411934504749394,1.0194229573348126,0.9762164682240045,0.912171765257265,0.8483557577619887,0.7967271204281702,0.7473867793701704,0.697898130997795,0.6625103927625304,0.6378755399463659,0.6170435367011134,0.5989128564195677,0.5848230269129698,0.5755907500781773,0.5622877315202266,0.5442394048114598,0.5320474928503942,0.5252684286933413,0.5218954452252188,0.5148983465911522,0.5002850192002787,0.48205886580881524,0.46557351924201923,0.44462179504343885,0.424387517431494,0.4154070837909147,0.41233120481147734,0.40699502948506344,0.40076430799775653,0.3963591822273017,0.3968957201638324,0.39327506986208205,0.3741965997779327,0.34755637430095854,0.32928975751942313,0.32682154126242763,0.32026746759966923,0.31210413205820764,0.30149998801656364,0.29295010436447455,0.2825852405690126,0.25781585479707814,0.22374233754193734,0.2000118649085244,0.1909577431360523,0.18613480148134515,0.18767008746231092,0.19454874962670762,0.20146595507984574,0.20547915798353789,0.20907781170933887,0.2116128512263846,0.20888155854751708,0.20541554343784327,0.18022109592956473,0.13583686574045137,0.11334832320369731,0.13665582502521814,0.17369932906090677,0.189562275521903,0.19143613573384766,0.191796945111452,0.19139146622115974,0.18723725117798432,0.18061637695040544,0.17802541382439327,0.17720480364456118,0.17564430116365967
2025163.0,203724450.0,0.2204261521437224,0.2267150064983032,0.22624230466980935,0.2311616350442781,0.25430050586941594,0.28059882689467197,0.28283204549008845,0.2785527222343479,0.28539717901854816,0.2837628829269898,0.2684722702391451,0.27201314270595944,0.29048184725576554,0.29581665030727283,0.33478180382997536,0.4140435785767085,0.4698566458100315,0.488232736225155,0.5005638005490058,0.5196082841894961,0.5304664478057051,0.5331019255301814,0.5335440390350885,0.5206342260222458,0.5106772408134017,0.5337789781090206,0.5740340027942351,0.6113859716728545,0.6464208584646972,0.6897081174797975,0.726588877435609,0.752384766740678,0.768606922855166,0.787015133841411,0.8024330487539207,0.8087196126880459,0.8161057069843193,0.8368647178903238,0.8620605428086346,0.8858946469264887,0.8847788713084676,0.8722559093315845,0.8778414368394266,0.9095949195943728,0.9345997237692744,0.9370022496136812,0.9408188404979662,0.9558831315862067,0.9771611349651913,0.9756859688674929,0.9562640842293567,0.9588973329755374,0.9934742409449158,1.0258263620404109,1.0490500323151846,1.073568379653127,1.0855061631991327,1.086884282618648,1.0908576661711076,1.101292000833668,1.1103212355089516,1.1180062069772476,1.1163416710480991,1.1106478784061333,1.1115945277814225,1.1114929670097735,1.1062265051861317,1.0927916395086859,1.076786829149191,1.0609836027006898,1.0402089465100055,0.9987671184861846,0.9349298113787736,0.8712629976927587,0.8206843561570359,0.7734434666061879,0.7247975403536867,0.6891584604878052,0.6655144141738606,0.6462300186574202,0.6271109059076185,0.6127375091920425,0.6035841794092982,0.5901823492451413,0.5715951518282684,0.5588035180970231,0.5531891515350233,0.5500946418527642,0.5419598802795037,0.5283083339302929,0.5103261386489423,0.4934542768432518,0.47181495007421287,0.4523078295768031,0.44324000360986804,0.44110170151297257,0.43411589983332993,0.429178374074708,0.4248263393259501,0.42461656624252536,0.42140807082330783,0.4014409932293944,0.3729888503765105,0.35494393206285646,0.3544204722357526,0.34862454134797977,0.33899537416671055,0.3285665896459154,0.3204017754510681,0.30894850599165724,0.28465915854155166,0.24878698883546652,0.22274316213118042,0.21262548251719143,0.20925681711724894,0.21059624548490677,0.21791587000823054,0.22564609465265867,0.229746871006113,0.23307073685475369,0.2344282181306676,0.23381868736770467,0.23134529236971693,0.20278850967930068,0.15275365255656873,0.12707152922300655,0.15315524753918394,0.19277261947872731,0.2127876118000562,0.2166086698141685,0.21616005465296018,0.21426288991669187,0.20929181621196485,0.20522815308486184,0.20160245747597952,0.20017539955005226,0.1980516356617437
2025163.0,204300702.0,0.20533875809958255,0.21146996379113148,0.21083898519632058,0.21610991463325926,0.23823068715417592,0.2619663463029286,0.2645814622458324,0.26109592466257064,0.2668500128367815,0.2657265501566232,0.2515952458996143,0.25524929048786776,0.27337130319065195,0.27810636561761,0.3145862842772693,0.38873793021891834,0.44188339912511176,0.4596227083650618,0.4709033677684546,0.4898502749534263,0.49990067354379925,0.5019435618471356,0.5030136980940239,0.4908512092142303,0.481471844570553,0.5034112279075335,0.5417445707535854,0.5776316084071673,0.6112118747740534,0.6525982336530654,0.6886840404105748,0.7130844177420843,0.7292188260626943,0.7473020119449605,0.7622886683980312,0.7682331541486463,0.7754187635267297,0.7950971253971318,0.8197531684558658,0.8430236807262677,0.8427793917131182,0.8314444119652914,0.8369554151395406,0.8686413018630865,0.8926103030173516,0.894864504446748,0.8990015175375864,0.9138716345655528,0.9342041605894266,0.9341408343146319,0.9156737124393043,0.9192931702438506,0.9518399901061128,0.9832333546324473,1.005749448170858,1.0294321023876984,1.0412460234265501,1.042675412201796,1.0471563356274511,1.0574298886420632,1.0667337999215305,1.075072906673267,1.0734859125932101,1.068770191067415,1.070316637608733,1.0700100101950327,1.065462897863468,1.052481107564386,1.0372042125426952,1.0236536292537404,1.0047326578777345,0.9652479580311755,0.9040557687081996,0.8431323030667476,0.7951763850034499,0.7504790816901777,0.7047374826070031,0.6711365106395352,0.6482280788993694,0.6297351396654495,0.6121124154202813,0.5981544199063652,0.5897124556683183,0.5773933166123251,0.558535071259642,0.5463574578038588,0.5411500679821352,0.5380438692815583,0.5313301830434528,0.5171645541551254,0.5000836419348702,0.4838243462427647,0.46310526978157646,0.4445055773813214,0.43565978124314664,0.4330320268376184,0.427004353555428,0.42137144320362574,0.4174664808678095,0.41801000577824854,0.41512565088050635,0.39639507146076913,0.3675644803777697,0.35037840831143,0.34888790893548904,0.3434492989003179,0.3347941746614619,0.32428579676991276,0.3162089012539732,0.3055086764373342,0.28046407476519203,0.24541205360341412,0.219199158699298,0.2089380369971387,0.2060335193978565,0.20744329181640467,0.21492933165141642,0.22343649862763748,0.22778043706974882,0.23178130740562644,0.2327857328426692,0.23215941520452832,0.23004353082870602,0.20231534305471877,0.15308463317105947,0.1275985319235546,0.15266245958178934,0.1935579191428813,0.21272804987318422,0.21638129709456655,0.21525094990153945,0.21315498818067197,0.20848966467852803,0.2033039262299215,0.20120097136019136,0.1992479946988606,0.19711498383610318
2025163.0,204737306.0,0.19095932687707182,0.1964283917036396,0.1957571356689872,0.2010158966068798,0.22078172501551882,0.24263151275713227,0.24521412441199797,0.2414127317356891,0.24716876960155695,0.24633266226455694,0.23357485559886526,0.23690234635657634,0.253242498086071,0.25827027693262433,0.29188681929420257,0.3614398885963738,0.4115038105331627,0.4274438439061847,0.438632030320381,0.4559405854252449,0.46575293554316427,0.4682816113169055,0.4695167588115452,0.4594104706516085,0.4505347679827794,0.4719569390056422,0.5081653560957975,0.5421763866687743,0.5746176034706698,0.6144019991867014,0.6493124628996862,0.6742880696609257,0.689863449168073,0.7076707585023531,0.7236205603149651,0.7300326231294042,0.737401285164926,0.7573363304357866,0.7811654281157226,0.8044249708680913,0.8049471584484583,0.7949120795282978,0.8021536357829172,0.8329132244468859,0.8568977090030971,0.8603633476624769,0.8644698089278643,0.879267779051799,0.8995157511060926,0.9001693193475893,0.8832191209522433,0.887304551369406,0.9197474165503762,0.9506903882757868,0.9736130039680245,0.9968979355720017,1.0085316711218628,1.0103572700019794,1.0151409730005538,1.0251287493073684,1.0351778820327728,1.0433950189427856,1.042416348066568,1.038354418306956,1.0397849601080553,1.0401201465923888,1.0361065706525123,1.0237156077400045,1.0099149482349306,0.9964605073746547,0.9777586421955097,0.9394375226194401,0.8786788997819072,0.8190409260711599,0.7717095153424979,0.7263182361602971,0.6806115060393219,0.6469294967359901,0.6241467186607611,0.6061013374975553,0.5884484803778499,0.5754416998725326,0.5673135373160281,0.5538978064852144,0.5364900225411796,0.5248574382543152,0.5195468342074165,0.5180099126333588,0.50996415385987,0.4969508408843162,0.4799047241721535,0.4630955549235484,0.44253656914340156,0.4239723998377464,0.41538018841133545,0.4123929965330626,0.40597912622473914,0.40136126037778386,0.39741816762523635,0.39744438840541024,0.39637614764472767,0.37632036836481836,0.34976375157645906,0.33215174581116963,0.33098785292013316,0.32574750023905746,0.3161521038122215,0.3067895660808538,0.2982023548433701,0.28700182517589196,0.26406493906821976,0.2292331658722666,0.20382990372981183,0.19454011363698287,0.18957064877778226,0.19190120362556037,0.20068571152555661,0.20805441527088123,0.21362521042996505,0.21687210425059741,0.21877929323623205,0.2175245617448447,0.21504691447736,0.18961302227243904,0.1425285921200474,0.11740656868472299,0.14205089645410532,0.1804470570770614,0.19980382507636604,0.2033742673315976,0.20352538323594602,0.199987913850333,0.1959624389619581,0.1923421592663058,0.1890201410182416,0.1872564155762265,0.18579004150688982
2025163.0,205246336.0,0.18672874894077163,0.1914953727606504,0.19085368192787797,0.19499937233269748,0.2142012574138249,0.2355890670870852,0.23723613550403283,0.23341219016530196,0.23821262737069576,0.23637645587387837,0.22334374267922447,0.22624437195192043,0.24123297662183854,0.24510723742570784,0.2768675918860145,0.3417386325493845,0.3878736496884345,0.40252881693386955,0.4109036030682545,0.42652710006886635,0.43485756897583155,0.4359931890240661,0.43578452375691995,0.4250588087818361,0.4154061514366043,0.4336218201386987,0.4654456410288629,0.49515879396053075,0.5228164302625895,0.5575485249433352,0.5869802068442802,0.6072532120020316,0.6193924498687386,0.6335019607985188,0.6444573836809747,0.6488119990455915,0.6537385893933649,0.6682192637013633,0.6872899309070422,0.7053020129704342,0.7039799919664085,0.6933034308791992,0.6965135387263747,0.7218184691567067,0.7399803179393762,0.7416110889795027,0.7426755789298805,0.7535963025993938,0.7693929956116816,0.7684196300955931,0.7519402622755489,0.7531232479495398,0.7789195761172558,0.8024081414639468,0.8201337243363084,0.8380045258897222,0.8462691479949693,0.8463838191334375,0.848675642262404,0.8560588114447242,0.862628923177022,0.8685612346290777,0.8664593440590387,0.861828581599869,0.8618455264550817,0.8604732302246945,0.8552637491852015,0.8444110977582522,0.8323206444014986,0.8211503339956829,0.8067571810223754,0.7755480837865234,0.725890093881888,0.6766272051604161,0.6381265082892656,0.6034727199038534,0.5679116887404584,0.5410476243972198,0.5225988430604844,0.5071608656992006,0.4924753541271244,0.48067264200212334,0.4737365236091242,0.463059206600577,0.4473812522150142,0.436483697013068,0.4323378264394311,0.4299226487385665,0.42393867187282275,0.4117784599914813,0.3979783271028182,0.38380033763020915,0.3672200951557261,0.35252347436431414,0.3438764747446221,0.3418641860105214,0.33726310607932264,0.3330368607977473,0.32938050346689024,0.3295863527699404,0.3274475573740827,0.3114632191298481,0.2886807761101158,0.27300173465880856,0.27105720236660064,0.26649116350933555,0.2569507045820001,0.2481149847902576,0.2410737048282283,0.23103401400988144,0.21134901163370323,0.18174053695535358,0.16090691131584206,0.1522391675964664,0.14785042022179562,0.14906174333346894,0.15417118477530944,0.15895099776126453,0.1612944538758117,0.1641797527693339,0.16431325079758605,0.16289250792577162,0.16143074328645252,0.14156145463230868,0.10634014718127335,0.08726576770363467,0.10581959416355291,0.1325985381731682,0.14580923275089896,0.14869649031872187,0.14855735870772646,0.14694762833867536,0.14304099548258686,0.14035865057368802,0.13757762764509499,0.13612786949514116,0.13470848420409956
2025163.0,205807579.0,0.1831653296091625,0.18778973572378438,0.18646446328155,0.19024631991230975,0.20900104800253613,0.22955405375139423,0.23036256424939366,0.2267270391725636,0.2316134747613179,0.22952792638057648,0.21646883582391122,0.21973418700402733,0.2352095917966899,0.23847190114882325,0.26962607499953917,0.3324274986203121,0.3771993084959994,0.39132317253614396,0.4001781305724538,0.41523214957746063,0.4229195434835114,0.4244099231551777,0.42493433412049536,0.41429340248404006,0.4055518912534987,0.4228564074712817,0.45469766174063986,0.4838217617768766,0.5112862507464953,0.5460129094899608,0.5751530814209339,0.5952586012843653,0.6076394559849013,0.622246050521183,0.6340697366751139,0.6386228493092307,0.644604418864211,0.6596934754670171,0.6795189175232914,0.6979812985348145,0.6975262046761199,0.6872737839054414,0.6914033351209964,0.7171064620414034,0.7362240268025105,0.7384606286354355,0.7406322695302855,0.7521758914133059,0.7688433655919623,0.7679109284054771,0.75326088637003,0.7550466565490425,0.7815245055016997,0.8059048315344532,0.8238514822553519,0.8428056158256141,0.8518897196777399,0.8529165419028591,0.8555788298266435,0.8635712702820647,0.8710030866424813,0.8773982847277295,0.8757220327849289,0.8714899818123135,0.872327934314356,0.8714121588288499,0.8667023428659373,0.8557509679357149,0.8433436111087012,0.831904025866505,0.8164031131103314,0.7837516677377383,0.7327498680157049,0.6818121476732887,0.6413728181924493,0.6043067376455284,0.5663765459435052,0.5379113126916963,0.5182993185081968,0.5026723578510794,0.48783913042961335,0.4760130627287704,0.46831183221493494,0.45661292386821484,0.4407174895367309,0.4302330678640127,0.42572777084271785,0.4230539571361351,0.4172785998629955,0.405322030886799,0.3906666508702941,0.3765662939450689,0.3595310287383469,0.3439138548690212,0.3348338733831028,0.3313524561140819,0.32614264831912243,0.3215958601627523,0.3184517229965333,0.31903268740874635,0.31757633008845704,0.30189132588556017,0.2795415779678716,0.26430197830087354,0.2619799927959939,0.25640931088412755,0.24608294871000752,0.23635000410431042,0.2280966109924817,0.2172402803193858,0.19693780551760073,0.16982972688482137,0.14964552208567816,0.14005580901117015,0.13647716542178132,0.1361104411371853,0.14000783163772354,0.14388113013312692,0.14547908858858752,0.1477294265995601,0.14891333529484613,0.146357860322453,0.14360065367558275,0.1259064808350372,0.09554260769613512,0.0791521319142638,0.09450012217889653,0.12001723395733008,0.13135772549407188,0.13325924378680695,0.13248594933803967,0.1321255971625025,0.12870408298376224,0.12612701682245028,0.1225256785277759,0.12175682653873694,0.12162627982992706
2025163.0,210311921.0,0.18884548230824702,0.19398471190401081,0.19337181025438274,0.197106386124588,0.21662482539816377,0.23887470816973372,0.24076502424513072,0.23703987103050037,0.24214603211029262,0.2405364252242659,0.22738832675625928,0.2307096342078079,0.2464967369988978,0.2507954051937807,0.28374229731739037,0.35031796876758425,0.39741121354498715,0.4130620887595102,0.42313552442145796,0.438841014781512,0.44771318555549017,0.44887678234804046,0.449070372816634,0.4382862300354477,0.4293705213924763,0.44831098061617086,0.4822620633542869,0.51324298968292,0.5424840595383699,0.5789587782315833,0.6104222015025808,0.6317398060897846,0.6451008133854776,0.6607471732864331,0.6731557165460862,0.6777946591005108,0.6836857173008514,0.7000088738116431,0.7214061220164608,0.7407634812266881,0.7403089974400122,0.72969346229855,0.7335171269483959,0.7609166168760609,0.7817995998402988,0.7834087435628347,0.785785250324323,0.7976582317943801,0.8150512063713703,0.8144503494528957,0.7982118803725077,0.7995921222812004,0.8278228792561286,0.8537032555868236,0.8726021611917255,0.8921348638609661,0.9014107710173099,0.9018251888762535,0.9042945375829156,0.9122664916634722,0.9201386915692826,0.926518914058778,0.9246164459707944,0.9196098434222694,0.9199555475982636,0.918810927968616,0.913488488708574,0.9016818428390106,0.8886165379767239,0.87666258722439,0.8607737051609015,0.8268341467338622,0.7729536500743919,0.7192902037451225,0.6770848208110407,0.6381584695181276,0.5980246657624907,0.5681906801611851,0.5477694450028792,0.5306805970634766,0.5145512613794295,0.5022945214673474,0.4940526173931285,0.48195853745503353,0.46551265812250764,0.4538525281239663,0.44891387533979243,0.4465224751580813,0.44056686404186246,0.42760280588587063,0.4112355782609823,0.3963200838984766,0.3776364264002224,0.3614540450336033,0.35187471392554875,0.3482085619015163,0.3419951970949679,0.33651466424379517,0.3335526418871464,0.33317423681024144,0.33073250961146017,0.3149876411173411,0.29194992263603403,0.2759565345820668,0.2725392885362126,0.2671994005435681,0.2573606948464635,0.24738969025655716,0.23797354422223524,0.22587718195128634,0.20495827023261903,0.17583016048951555,0.1541920226806293,0.14531240105131038,0.14095458377126358,0.14059314629851874,0.14413105603149007,0.14800018674125093,0.14989851435306847,0.1519364035802252,0.15288569854925516,0.15080093953918863,0.1481465875009779,0.1297362195424612,0.09701572296683016,0.07959153381482367,0.09611636927221091,0.1230417734254844,0.13512542793292304,0.1360841869717527,0.1346098849081714,0.13339161147085543,0.1304266075300378,0.12701255529324185,0.12455652070199293,0.1229856388543931,0.12186714066208265
