Time_UTC_logger,415_converted,445_converted,480_converted,515_converted,555_converted,590_converted,630_converted,680_converted,Time_UTC_rounded,Time_UTC_pySAS,415_pySAS,445_pySAS,480_pySAS,515_pySAS,555_pySAS,590_pySAS,630_pySAS,680_pySAS
2025-06-12 16:01:34,78.74008512522971,95.21907014967215,105.61609705188795,98.98717495289301,102.02707055107646,95.90441330648657,92.432490883755,89.36825315136461,2025-06-12 16:01:34,2025-06-12 16:01:34.459,78.64503333423727,95.23216578716644,105.62421374197648,98.94322740684568,102.0440567639129,96.02180685152938,92.4182358534288,89.31197768463188
2025-06-12 16:01:39,78.77105946408345,95.26914471106828,105.63523680453108,99.01492390066487,102.26298596481288,96.13231226221747,92.6537771835412,89.58837526518644,2025-06-12 16:01:39,2025-06-12 16:01:38.899,78.59769863817155,95.053234382116,105.44792489635245,98.806616094011,101.92693024132107,95.80021814221028,92.40008975962594,89.38323967284555
2025-06-12 16:01:41,78.77105946408345,95.26914471106828,105.65437655717422,99.04267284843671,101.92090861489507,95.81895119808749,92.35872878382625,89.31470993448903,2025-06-12 16:01:41,2025-06-12 16:01:41.225,78.11314023156595,94.74958606166328,105.07774485786156,98.39190904106889,101.52085837915536,95.44046914293976,91.89840018141253,89.13465447873588
2025-06-12 16:01:46,78.49229041439973,94.91862278129543,105.2524417516683,98.68193652740274,101.28393699780672,95.21122064947177,91.77533762984444,88.75548078045519,2025-06-12 16:01:46,2025-06-12 16:01:45.607,78.35009687563793,94.56232990362572,104.9819549059348,98.49000921894078,101.47242954969045,95.43052144357048,92.10526223651274,89.08406170226179
2025-06-12 16:01:59,78.43034173669224,94.81847365850318,105.11846348316634,98.57094073631535,101.67319743047182,95.61004382200083,92.1843820021765,89.17192802282081,2025-06-12 16:01:59,2025-06-12 16:01:59.152,78.27453446101933,94.58693620562728,104.9996378745355,98.4803786676102,101.41497671271586,95.4787647315486,92.09902765558752,89.24996373149753
2025-06-12 16:02:01,78.43034173669224,94.81847365850318,105.13760323580946,98.58481521020128,101.61421857703772,95.56256487289023,92.1441481294881,89.13623254490375,2025-06-12 16:02:01,2025-06-12 16:02:01.480,78.10945379720569,94.55542976074244,104.95551714514184,98.31678960522564,101.40463516858604,95.35166231312463,92.08541654727352,89.06549257787829
2025-06-12 16:02:06,78.36839305898475,94.71832453571093,105.04190447259376,98.48769389299981,101.661401659785,95.61004382200083,92.20449893852071,89.20167425441835,2025-06-12 16:02:06,2025-06-12 16:02:06.043,78.06588673426515,94.59282380759105,104.82694854543362,98.30084701962132,101.46684648451932,95.44023874460828,91.92559720872676,89.06719752105357
2025-06-12 16:02:08,78.3993673978385,94.74336181640899,105.06104422523691,98.51544284077167,101.67319743047182,95.62903540164508,92.20449893852071,89.20762350073787,2025-06-12 16:02:08,2025-06-12 16:02:08.264,78.03084692033241,94.45972070672372,104.82144732719894,98.31339320178355,101.42417815868588,95.39615870344213,91.99045979804389,88.98474919067839
2025-06-12 16:02:13,78.3993673978385,94.76839909710705,105.08018397788005,98.52931731465759,101.6024228063509,95.55306908306811,92.1441481294881,89.14813103754278,2025-06-12 16:02:13,2025-06-12 16:02:12.721,78.11025025163555,94.41713583909537,104.82767398607253,98.34434915230914,101.3465805268804,95.39585304485324,92.01618433566856,89.13909239436327
2025-06-12 16:02:26,78.52326475325349,94.91862278129543,105.2524417516683,98.69581100128866,101.67319743047182,95.61004382200083,92.19779329307265,89.20167425441835,2025-06-12 16:02:26,2025-06-12 16:02:26.290,78.23016053364891,94.57299342980843,105.05318915623316,98.45598589471614,101.51801193439891,95.64524465245562,92.24673750439436,89.19246306872974
2025-06-12 16:02:33,78.58521343096098,94.96869734269154,105.30986100959773,98.73743442294642,101.82654244940049,95.74298487951052,92.31178926568978,89.32660842712804,2025-06-12 16:02:33,2025-06-12 16:02:33.175,78.24768136571026,94.6868600044945,104.93791200907808,98.50883418300138,101.49419244531904,95.52703732852858,92.13689152274158,89.07134016792605
2025-06-12 16:02:38,78.61618776981472,95.04380918478573,105.36728026752714,98.7929323184901,101.79115513734003,95.70500172022204,92.27826103844944,89.27306521025247,2025-06-12 16:02:38,2025-06-12 16:02:37.629,78.17534200090535,94.69889370275894,104.9459081426183,98.4997914227806,101.5665857874034,95.56042875225069,91.97591472067396,89.18156471557423
2025-06-12 16:02:51,78.67813644752222,95.1189210268799,105.44383927809969,98.86230468791973,102.02707055107646,95.92340488613081,92.4727247564434,89.46344109247676,2025-06-12 16:02:51,2025-06-12 16:02:51.294,78.67341754974048,95.36944505807828,105.73548463577067,99.16372851081135,102.29492020489938,96.20124043109922,92.77414675052242,89.78114468184845
2025-06-12 16:02:53,78.8020338029372,95.26914471106828,105.63523680453108,99.04267284843671,102.20400711137877,96.1038248927511,92.64707153809313,89.630019989423,2025-06-12 16:02:53,2025-06-12 16:02:53.428,78.84387951452732,95.49852658950616,105.97169960253802,99.3957204388642,102.50142414656057,96.31928014044914,92.98240708377024,89.86481372642163
2025-06-12 16:02:56,79.04982851376717,95.59462936014306,105.97975235210757,99.36178574781292,102.47530983717566,96.35071542812625,92.88847477422354,89.85014210324485,2025-06-12 16:02:56,2025-06-12 16:02:55.778,78.718514226757,95.49691554480889,105.926786262494,99.39957820979764,102.39631180335144,96.36165424526124,92.85095468791708,89.89389402709143
2025-06-12 16:03:03,79.2666488857434,95.81996488642561,106.24770888911154,99.59765180387359,102.73481679228573,96.58811017367927,93.10305542856167,90.04646723178864,2025-06-12 16:03:03,2025-06-12 16:03:02.635,79.0938535311787,95.7758757926451,106.2198916962272,99.64499907114914,102.74027933855362,96.62511974611314,93.21282741376032,90.07987212672546
2025-06-12 16:03:16,79.5454179354271,96.22056137759459,106.66878344726057,99.9861370726794,103.11228145426401,96.92995860727561,93.40480947372468,90.32013256248607,2025-06-12 16:03:16,2025-06-12 16:03:16.182,79.50742235796695,96.2598039633116,106.73278827284886,100.04883943705984,103.07685305484006,96.9693848129094,93.40764868819248,90.49749165819226
2025-06-12 16:03:18,79.70028962969583,96.37078506178295,106.86018097369195,100.15263075931047,103.23023916113222,97.01542071567468,93.49868850999762,90.39747276463967,2025-06-12 16:03:18,2025-06-12 16:03:18.334,79.6297028453589,96.42586416685138,106.91645628377906,100.3967457659274,103.44167924394412,97.35367970397073,93.596072485389,90.52743315569332
2025-06-12 16:03:21,79.76223830740332,96.49597146527326,106.97501948955079,100.26362655039784,103.3364010973136,97.11987440371801,93.57245060992636,90.46886372047379,2025-06-12 16:03:21,2025-06-12 16:03:20.661,79.65422864355067,96.60842431552962,107.09362189128144,100.46934962214002,103.5421009806625,97.2795028065164,93.78113872570133,90.70266415748492
2025-06-12 16:03:23,79.91711000167204,96.64619514946162,107.18555676862533,100.43012023702892,103.44256303349499,97.22432809176134,93.67974093709542,90.57595015422494,2025-06-12 16:03:23,2025-06-12 16:03:23.003,79.65559631100659,96.5015322714114,107.01814443403212,100.26331581112711,103.3089912748888,97.0199816850202,93.46605864545538,90.4016616989896
2025-06-12 16:03:36,80.01003301823329,96.77138155295192,107.28125553184103,100.51336708034445,103.52513342830274,97.3002944103383,93.73338610067995,90.62354412478102,2025-06-12 16:03:36,2025-06-12 16:03:36.458,79.89382575117546,96.58641937899336,107.41543987398892,100.56307446038278,103.64770880047269,97.39042263762197,93.9259463208782,90.67778315318476
2025-06-12 16:03:41,80.10295603479453,96.89656795644223,107.43437355298612,100.65211181920367,103.69027421791824,97.44273125767012,93.87420465508937,90.7484782974907,2025-06-12 16:03:41,2025-06-12 16:03:41.109,79.97319871302871,96.90229483854752,107.48229165394508,100.65229099784864,103.67903090461417,97.42288523147022,93.96924368395231,90.58246769377548
2025-06-12 16:03:43,80.19587905135576,96.97167979853641,107.5109325635587,100.7353586625192,103.70206998860506,97.44273125767012,93.87420465508937,90.7484782974907,2025-06-12 16:03:43,2025-06-12 16:03:43.266,79.9614797797719,96.78328380052642,107.26854265033342,100.61249774568878,103.67286967022358,97.26931393505495,93.82342330859002,90.71321236088352
2025-06-12 16:03:48,80.3507507456245,97.1719780441209,107.74060959527635,100.92960129692212,103.9497811730283,97.67063021340101,94.08878530942751,90.94480342603451,2025-06-12 16:03:48,2025-06-12 16:03:47.696,80.10402304153072,97.11160861336346,107.5760255990003,100.79216922656356,103.821266991066,97.5457770725921,93.91319883897349,90.81437817527068
2025-06-12 16:04:01,80.44367376218572,97.29716444761121,107.87458786377834,101.02672261412356,104.1149219626438,97.81306706073282,94.2094869274927,91.05188985978567,2025-06-12 16:04:01,2025-06-12 16:04:01.265,80.37182277832657,97.3789415924258,107.90771054989052,101.12297316090594,104.10039652977942,97.78863808953342,94.27302021801172,90.95432756345372
2025-06-12 16:04:08,80.59854545645446,97.4974626931957,108.08512514285286,101.2348397224124,104.15030927470426,97.83205864037706,94.19607563659658,91.02809287450764,2025-06-12 16:04:08,2025-06-12 16:04:08.229,80.39652010083807,97.32962730126796,108.04727229215392,101.0475557933194,104.04770830613828,97.76074768015413,94.09288289618443,90.73544438762674
2025-06-12 16:04:13,80.53659677874697,97.42235085110151,108.00856613228031,101.13771840521095,104.03235156783605,97.71810916251161,94.08878530942751,90.93290493339549,2025-06-12 16:04:13,2025-06-12 16:04:12.607,80.49408185919785,97.33124890335294,108.07108847262856,101.12929784772678,104.16704788811822,97.85954212682697,94.146116975713,90.96443984841537
2025-06-12 16:04:26,80.50562243989323,97.3722762897054,107.9511468743509,101.06834603578133,104.02055579714923,97.68012600322314,94.04184579129102,90.84961548492235,2025-06-12 16:04:26,2025-06-12 16:04:26.283,80.05983876901011,96.7980661144099,107.51154266800738,100.46850394512788,103.504906977478,97.12891039293211,93.47352390524362,90.2566037806304
2025-06-12 16:04:28,80.50562243989323,97.39731357040344,107.97028662699402,101.08222050966725,103.96157694371513,97.63264705411252,93.99490627315456,90.80202151436629,2025-06-12 16:04:28,2025-06-12 16:04:28.401,80.04618364951915,96.79192416645662,107.32436035968784,100.37694353277624,103.3509107979248,96.99718129831864,93.36971752229404,90.14686475865776
2025-06-12 16:04:31,80.47464810103948,97.32220172830928,107.89372761642147,101.02672261412356,103.73745730066553,97.433235467848,93.79373690971256,90.611645632142,2025-06-12 16:04:31,2025-06-12 16:04:30.728,80.07259524036135,96.90405858854189,107.45445184382184,100.62932403036558,103.5630572718374,97.1098049294667,93.55090446082218,90.48314593258382
2025-06-12 16:04:38,80.04100735708703,96.84649339504611,107.31953503712731,100.49949260645853,103.3835841800609,97.08189124442953,93.45845463730922,90.29038633088851,2025-06-12 16:04:38,2025-06-12 16:04:37.512,79.9560255708943,96.64886167229052,107.11516593792894,100.37392805298964,103.33559934569456,96.89305334214112,93.1886531047211,90.04178737716533
2025-06-12 16:04:53,79.79321264625707,96.52100874597132,106.97501948955079,100.16650523319639,103.02971105945625,96.74953860065531,93.14328930125008,89.98697476859354,2025-06-12 16:04:53,2025-06-12 16:04:53.401,79.79850491567929,96.4417538857056,106.85443207932984,100.159614823447,102.96432540204908,96.72349983644186,93.14448388904952,89.92408186762502
2025-06-12 16:04:58,79.66931529084208,96.39582234248101,106.80276171576254,100.01388602045125,102.89995758190122,96.63558912278987,93.02929332863293,89.87988833484239,2025-06-12 16:04:58,2025-06-12 16:04:57.863,79.74859683514374,96.2087715617114,106.64383413055862,99.83156999126096,102.77828396467211,96.47122250139982,92.86510317611582,89.81615766905352
2025-06-12 16:05:05,79.4834692577196,96.1454495355004,106.5348051787586,99.76414549050465,102.67583793885161,96.41718595688108,92.82812396519094,89.6895124526181,2025-06-12 16:05:05,2025-06-12 16:05:04.711,79.695308684085,96.1711218021456,106.68162326321428,99.87547349535814,102.7854574250956,96.44998039709984,92.93302251452894,89.71720564050797
2025-06-12 16:05:18,79.35957190230462,96.0202631320101,106.40082691025663,99.62540075164543,102.47530983717566,96.21777437061655,92.62024895630086,89.48128883143528,2025-06-12 16:05:18,2025-06-12 16:05:18.220,79.32286524195911,95.879633729752,106.38606177470612,99.50660280638924,102.5153541718638,96.18516406204915,92.54748075050976,89.2924036592696
2025-06-12 16:05:20,79.20470020803589,95.81996488642561,106.19028963118211,99.41728364335661,102.3809436716811,96.11332068257322,92.51966427457987,89.38015164400363,2025-06-12 16:05:20,2025-06-12 16:05:20.443,79.31245769220396,96.0480881811634,106.29791439351408,99.51077471764916,102.43627105323246,96.04905041268144,92.58955576218106,89.42332492519927
2025-06-12 16:05:23,79.17372586918215,95.79492760572755,106.15201012589583,99.38953469558476,101.80295090802686,95.57206066271235,91.97650699328643,88.86256721420634,2025-06-12 16:05:23,2025-06-12 16:05:22.673,79.3353708890478,95.87206268098323,106.2142476700966,99.5908787487345,102.34523000915264,96.0746125714046,92.46324751959573,89.32027129994766
2025-06-12 16:05:25,78.64716210866847,95.14395830757796,105.42469952545653,98.69581100128866,101.83833822008732,95.60054803217872,92.02344651142292,88.88636419948438,2025-06-12 16:05:25,2025-06-12 16:05:25.111,79.2023631041703,95.74376062692214,106.05906976215908,99.31341068394696,102.17584265318092,95.91262253300778,92.31300858439997,89.22692943218266
2025-06-12 16:05:30,79.11177719147466,95.71981576363338,106.05631136268015,99.30628785226922,102.03886632176328,95.79046382862113,92.21120458396878,89.07674008170866,2025-06-12 16:05:30,2025-06-12 16:05:29.554,79.02784278740992,95.65868024185468,106.13615572691208,99.361048310256,102.2465127579014,95.92451244091544,92.33480723650568,89.26836062824398
2025-06-12 16:05:43,78.74008512522971,95.26914471106828,105.55867779395852,98.8484302140338,101.83833822008732,95.61004382200083,92.02344651142292,88.8982626921234,2025-06-12 16:05:43,2025-06-12 16:05:43.123,78.938501588321,95.54360135345172,105.85715644923746,98.93970481914988,101.96838825640818,95.70992373365624,92.04766218147172,88.9495940160857
2025-06-12 16:05:45,78.83300814179094,95.39433111455858,105.73093556774677,98.9733004790071,101.67319743047182,95.44861539502479,91.86921666611737,88.74358228781615,2025-06-12 16:05:45,2025-06-12 16:05:45.350,78.78297158879069,95.26990554459478,105.50313417206227,98.73043787746283,101.69784129796813,95.46863646837411,91.85172309638408,88.77907405608063
2025-06-12 16:05:48,78.67813644752222,95.21907014967215,105.52039828867224,98.7929323184901,101.68499320115865,95.46760697466902,91.8826279570135,88.77332851941371,2025-06-12 16:05:48,2025-06-12 16:05:47.580,78.62468303059116,95.2009540143249,105.29886799074512,98.72835335849402,101.48329845149328,95.23627894109116,91.60430394013628,88.55906111217037
2025-06-12 16:05:50,78.52326475325349,94.9937346233896,105.29072125695457,98.58481521020128,101.47266932879586,95.25869959858237,91.69486988446764,88.60080037614794,2025-06-12 16:05:50,2025-06-12 16:05:49.919,78.78588050543149,95.15211344887685,105.4621623092071,98.77612186929676,101.6107707920276,95.4575012425492,91.84177677355888,88.70191431697796
2025-06-12 16:06:03,78.33741872013101,94.76839909710705,105.02276471995063,98.3489491541406,101.29573276849355,95.07827959196207,91.52052310281789,88.42827223288218,2025-06-12 16:06:03,2025-06-12 16:06:03.374,78.46892122293352,94.86176178768936,105.14651795910898,98.48046578552956,101.21975914476432,95.0738370663624,91.44289634649796,88.30337379017314
2025-06-12 16:06:10,78.08962400930103,94.49298900942838,104.7165286776604,98.04371072865032,100.96545118926255,94.77441431765422,91.21876905765488,88.13675916322624,2025-06-12 16:06:10,2025-06-12 16:06:10.369,77.99152588849438,94.5184072260982,104.73111750268131,98.08196691047992,100.90058146268548,94.78578721744584,90.99592117264248,88.0652271133841
2025-06-12 16:06:15,77.93475231503231,94.2926907638439,104.50599139858589,97.8494680942474,100.74133154621295,94.56550694156756,91.03101098510902,87.95233252732146,2025-06-12 16:06:15,2025-06-12 16:06:14.755,78.08088166159642,94.3894352285731,104.57813552294267,98.01128117244596,100.70768572425897,94.53319577073442,91.12265741332028,87.98034063338542
2025-06-12 16:06:28,77.6559832653486,93.94216883407104,104.10405659307996,97.47485729932751,100.23411340667964,94.07172587081729,90.53479322195207,87.47639282176074,2025-06-12 16:06:28,2025-06-12 16:06:28.281,77.84073675324946,94.1938307757775,104.27845094657468,97.661851838039,100.3676928986846,94.37231159990604,90.84867243486238,87.7460120921618
2025-06-12 16:06:53,76.9745478105662,93.1409758517331,103.22362797149557,96.6562633400581,99.40840945860216,93.30256689522552,89.79717222266471,86.75653401710014,2025-06-12 16:06:53,2025-06-12 16:06:53.285,77.18908060271767,93.37892504521272,103.35200766411054,96.84867643881198,99.5808276161411,93.56710664455407,89.971101531362,87.07170303801347
2025-06-12 16:06:55,77.00552214941993,93.1409758517331,103.20448821885243,96.64238886617218,99.36122637585488,93.25508794611491,89.76364399542437,86.73273703182211,2025-06-12 16:06:55,2025-06-12 16:06:55.417,77.20707095285559,93.1834626575182,103.35315312238312,96.63726090091404,99.54368691276022,93.44930889857211,89.79225798033168,86.89068636888508
2025-06-12 16:06:58,76.88162479400495,92.99075216754473,103.05137019770731,96.51751860119889,99.2668602103603,93.1601300478937,89.68317625004757,86.64944758334899,2025-06-12 16:06:58,2025-06-12 16:06:57.664,77.12203087430618,93.08854660753686,103.1568179604508,96.56894402899223,99.27275083739598,93.17503392060888,89.86250835955694,86.6542026180698
2025-06-12 16:07:00,76.7887017774437,92.91564032545054,102.95567143449162,96.42039728399743,99.21967712761302,93.1126510987831,89.62953108646303,86.60780285911243,2025-06-12 16:07:00,2025-06-12 16:07:00.009,77.00264431438848,93.18957375530638,103.21250929847317,96.60146712677614,99.3656234473543,93.24332465389136,89.8294626307956,86.729704669061
2025-06-12 16:07:05,76.72675309973623,92.81549120265831,102.8408329186328,96.29552701902414,99.16069827417891,93.05567635985038,89.5758859228785,86.54236114959782,2025-06-12 16:07:05,2025-06-12 16:07:04.528,76.68960768258623,92.91108552515676,102.8517697085834,96.3643279657531,99.03806343310366,93.03409230864546,89.48165516296203,86.49183741984612
2025-06-12 16:07:20,76.44798405005251,92.49000655358351,102.51545712369943,95.97641411964793,98.87759977769521,92.79929003465313,89.32777704130002,86.31034054313697,2025-06-12 16:07:20,2025-06-12 16:07:20.421,76.58431545809152,92.62416994388042,102.71542048910892,96.06859956626326,98.8477764138308,92.7315305258978,89.23002745227473,86.24398140676827
2025-06-12 16:07:25,76.29311235578378,92.28970830799902,102.26664033933862,95.7682970113591,98.68886744670607,92.60937423821072,89.14672461420223,86.13781239987121,2025-06-12 16:07:25,2025-06-12 16:07:24.799,76.72939198684126,92.7147661218183,102.60945789166811,96.07865930901885,98.83072199449413,92.7098490975875,89.35876279706218,86.17508576236534
2025-06-12 16:07:27,76.29311235578378,92.28970830799902,102.2475005866955,95.75442253747318,98.57090973983786,92.50492055016738,89.04613993248122,86.03667521243955,2025-06-12 16:07:27,2025-06-12 16:07:27.108,76.63580225382772,92.52784233491931,102.39548939199744,95.82119733302235,98.70971033643949,92.62767648731102,89.10675922948046,86.20463661073417
2025-06-12 16:07:32,76.29311235578378,92.28970830799902,102.26664033933862,95.75442253747318,98.40576895022238,92.35298791301345,88.89191008717567,85.88794405445182,2025-06-12 16:07:32,2025-06-12 16:07:31.759,76.49872406522604,92.37655442393331,102.38976576693716,95.82463997549154,98.4309683874213,92.43964534049388,89.05522068151691,85.97895395817898
2025-06-12 16:07:45,76.13824066151506,92.13948462381065,102.09438256555038,95.58792885084212,98.39397317953556,92.34349212319134,88.87179315083148,85.87604556181282,2025-06-12 16:07:45,2025-06-12 16:07:45.242,76.1035602464867,92.02201041283088,101.95472573399556,95.52324386488228,98.1659365830407,92.2099568917778,88.57774633745275,85.7663035137444
2025-06-12 16:07:47,76.1692150003688,92.13948462381065,102.09438256555038,95.61567779861394,98.27601547266735,92.22954264532589,88.78461976000662,85.79275611333969,2025-06-12 16:07:47,2025-06-12 16:07:47.460,76.17220739491954,92.00963740561012,102.01438129239932,95.4783803120136,98.20398434057346,92.0539702325158,88.65471999457628,85.81171574402741
2025-06-12 16:07:50,75.95239462839257,91.88911181683004,101.82642602854644,95.33818832089551,98.04010005893092,92.01113947941711,88.57003910566847,85.60238023111539,2025-06-12 16:07:50,2025-06-12 16:07:49.719,75.99315659587387,91.94623596984398,101.93065948805666,95.33627323293328,98.0895070907393,91.95085939159355,88.5388937948022,85.70097123130802
2025-06-12 16:07:52,75.79752293412385,91.68881357124556,101.59674899682877,95.1300712126067,97.9221423520627,91.9161815811959,88.46945442394747,85.49529379736423,2025-06-12 16:07:52,2025-06-12 16:07:51.916,76.16262085317454,91.93109392595836,101.80333718518406,95.3025381387817,97.95742482979132,91.96927773494966,88.6403955846905,85.6553672498912
2025-06-12 16:08:12,75.48777954558639,91.31325436077464,101.1756744386797,94.74158594380086,97.36774112978212,91.38441735115715,87.96653101534245,85.0193540918035,2025-06-12 16:08:12,2025-06-12 16:08:12.368,75.63772302604777,91.4443099203457,101.30822490796436,94.73370174046596,97.53166332628508,91.44790664277096,88.21158412031512,85.04327434569777
2025-06-12 16:08:15,75.45680520673264,91.23814251868046,101.07997567546401,94.65833910048532,97.4149242125294,91.42240051044564,88.01347053347892,85.06099881604007,2025-06-12 16:08:15,2025-06-12 16:08:14.596,75.50781858311662,91.39312231496778,101.19359380466204,94.7139248812585,97.403498739443,91.36858441315236,88.12231368347591,85.11189649155264
2025-06-12 16:08:17,75.27095917361017,91.03784427309597,100.85029864374634,94.43634751831057,97.29696650566119,91.3179468224023,87.91288585175792,84.96581087492794,2025-06-12 16:08:17,2025-06-12 16:08:16.919,75.67390695474874,91.471860529075,101.23148591279649,94.87488574939916,97.56654822497369,91.4588044733448,88.13893739237119,85.38620417106398
2025-06-12 16:08:30,75.48777954558639,91.31325436077464,101.15653468603658,94.74158594380086,97.50929037802398,91.52685419848896,88.12076086064799,85.17998374243025,2025-06-12 16:08:30,2025-06-12 16:08:30.463,75.89198138988067,91.62396793971634,101.53492356056124,94.97183799547504,97.8756059877392,91.66965769080706,88.36335947974334,85.40083177337307
2025-06-12 16:08:35,75.51875388444013,91.33829164147271,101.21395394396599,94.76933489157271,97.56826923145807,91.58382893742169,88.18111166968059,85.23947620562535,2025-06-12 16:08:35,2025-06-12 16:08:34.948,75.65426735642859,91.52780129696684,101.28007136814593,94.80229567575782,97.59352791741968,91.49887435617248,88.2384673355797,85.20871387964945
2025-06-12 16:08:40,75.45680520673264,91.26317979937852,101.09911542810715,94.6999625221431,97.48569883665033,91.51735840866685,88.10734956975185,85.16808524979123,2025-06-12 16:08:40,2025-06-12 16:08:39.503,75.7354669990009,91.4146372706552,101.17418443468485,94.83389045131112,97.42695153476978,91.41468477453516,88.1631700069283,85.05415597983864
2025-06-12 16:08:42,75.45680520673264,91.23814251868046,101.07997567546401,94.67221357437124,97.40312844184258,91.44139209008988,88.03358746982313,85.10264354027663,2025-06-12 16:08:42,2025-06-12 16:08:41.731,75.8318804196605,91.64280634622727,101.38464324544223,94.98801150241503,97.63673374987344,91.69842124928957,88.33230128598005,85.28452399359598
2025-06-12 16:08:55,75.61167690100137,91.46347804496301,101.34793221246797,94.90807963043193,97.67443116763947,91.6787868356429,88.25487376960933,85.29896866882044,2025-06-12 16:08:55,2025-06-12 16:08:55.362,75.90458128523392,91.53428687521726,101.38862095456427,95.00282765163512,97.76726299564658,91.7165705879722,88.17711354452007,85.42609599661516
2025-06-12 16:09:00,75.54972822329387,91.38836620286882,101.27137320189541,94.83870726100231,97.53288191939761,91.55534156795532,88.14087779699219,85.19783148138879,2025-06-12 16:09:00,2025-06-12 16:08:59.754,75.70536364016898,91.4781194955204,101.18730519504672,94.86409425475732,97.56437954402747,91.50520923601312,88.12428088112286,85.25047229564295
2025-06-12 16:09:02,75.58070256214762,91.4134034835669,101.29051295453854,94.85258173488823,97.56826923145807,91.57433314759956,88.16770037878446,85.21567922034731,2025-06-12 16:09:02,2025-06-12 16:09:02.087,75.6880147388463,91.40152024283472,101.26600935717924,94.93215607444075,97.4904527366646,91.51623825608084,88.17258314291689,85.27715293996029
2025-06-12 16:09:07,75.61167690100137,91.43844076426494,101.32879245982481,94.88033068266009,97.59186077283172,91.59332472724381,88.18111166968059,85.23947620562535,2025-06-12 16:09:07,2025-06-12 16:09:06.639,75.54976517253438,91.33106256271864,101.40472002622384,94.82103352361794,97.5268240336669,91.50906294431276,88.17042549520133,85.16955908266296
2025-06-12 16:09:27,75.79752293412385,91.6637762905475,101.57760924418562,95.11619673872076,97.639043855579,91.64080367635441,88.20793425147286,85.26922243722288,2025-06-12 16:09:27,2025-06-12 16:09:26.913,75.84354816511511,91.56119086545928,101.53377934238436,94.99699332554636,97.62717878881476,91.6624834215704,88.23628658263533,85.26066449435653
2025-06-12 16:09:47,75.4258308678789,91.2131052379824,101.04169617017773,94.61671567882756,97.3559453590953,91.38441735115715,87.9799423062386,85.05504956972057,2025-06-12 16:09:47,2025-06-12 16:09:47.342,75.47794573203926,91.2046234131522,101.03138400996872,94.51885866028516,97.31853566533776,91.41622048919436,87.89347126875026,85.081444833105
2025-06-12 16:09:50,75.4258308678789,91.23814251868046,101.07997567546401,94.64446462659942,97.36774112978212,91.41290472062352,87.99335359713473,85.07289730867909,2025-06-12 16:09:50,2025-06-12 16:09:49.675,75.64345736360255,91.54427544838776,101.23879028436043,94.88719480150432,97.62568111327282,91.57787626063045,88.20522370093676,85.34733889419164
2025-06-12 16:09:52,75.4258308678789,91.18806795728433,101.06083592282089,94.6305901527135,97.26157919360072,91.29895524275807,87.89276891541373,84.98365861388645,2025-06-12 16:09:52,2025-06-12 16:09:51.799,75.56169245312462,91.51739565845948,101.32738368534235,94.90496439009397,97.47473465773098,91.51901293159116,88.18158134062604,85.24032546195805
2025-06-12 16:10:17,75.17803615704894,90.91265786960567,100.71632037524438,94.32535172722321,97.04925532123795,91.10903944631566,87.718422133764,84.8111304706207,2025-06-12 16:10:17,2025-06-12 16:10:16.706,75.24020540071355,90.9422947052198,100.68563108971868,94.37276208834956,97.09618106518585,91.20473268151753,87.76897096354585,84.94577483075182
2025-06-12 16:10:19,75.05413880163394,90.73739690471925,100.50578309616985,94.1311090928203,97.01386800917749,91.07105628702718,87.69159955197172,84.78733348534266,2025-06-12 16:10:19,2025-06-12 16:10:18.932,75.38420519624054,90.94446690629374,100.76498594134593,94.5119135855736,97.116999544946,91.2254354038826,87.76512718729101,84.94595083863615
2025-06-12 16:10:37,75.20901049590267,90.93769515030372,100.7354601278875,94.33922620110911,97.0256637798643,91.0805520768493,87.69159955197172,84.78733348534266,2025-06-12 16:10:37,2025-06-12 16:10:37.077,75.35595053513694,91.07582625181291,100.95540719568476,94.54170798455937,97.11909763866888,91.19073315740424,87.81988600400588,85.04416178844997
2025-06-12 16:10:42,74.99219012392645,90.71235962402119,100.48664334352671,94.10336014504844,97.07284686261158,91.11853523613777,87.73183342466011,84.82302896325972,2025-06-12 16:10:42,2025-06-12 16:10:41.612,75.2614209848613,91.07373793799984,100.83365406896004,94.37267970054062,97.12725045183356,91.2770176575554,87.82368036631327,84.8912047006921
2025-06-12 16:10:44,75.20901049590267,90.93769515030372,100.75459988053065,94.33922620110911,96.97848069711702,91.03307312773869,87.63795438838719,84.73973951478659,2025-06-12 16:10:44,2025-06-12 16:10:43.936,75.31700561245943,91.05202108292248,100.91824361873164,94.48527721482648,97.15407952335124,91.18103437927412,87.88807548540214,84.83827770011682
2025-06-12 16:10:57,75.05413880163394,90.7624341854173,100.56320235409926,94.17273251447807,96.99027646780384,91.05206470738294,87.66477697017945,84.76353650006462,2025-06-12 16:10:57,2025-06-12 16:10:57.483,75.41869832112079,91.18381388051256,101.13197109663474,94.6940659234,97.45222112684088,91.53175260663356,87.98781352657367,85.18085723984557
2025-06-12 16:11:02,75.30193351246392,91.06288155379403,100.88857814903263,94.49184541385428,97.32055804703484,91.37492156133503,87.98664795168666,85.07884655499859,2025-06-12 16:11:02,2025-06-12 16:11:01.967,75.39033543890324,91.1797813679746,100.91261619413424,94.5796386799778,97.30365614050262,91.37636611520244,87.96746212861927,85.0654410511497
2025-06-12 16:11:04,75.4258308678789,91.23814251868046,101.07997567546401,94.67221357437124,97.23798765222709,91.29895524275807,87.91288585175792,84.99555710652547,2025-06-12 16:11:04,2025-06-12 16:11:04.193,75.37425443153704,91.2807463496812,101.02461416022471,94.65087880264232,97.42152763699052,91.52862485407256,87.9400102035695,85.18058175617568
2025-06-12 16:11:09,75.36388219017141,91.11295611519016,100.94599740696204,94.54734330939796,97.22619188154026,91.27996366311383,87.89276891541373,84.98365861388645,2025-06-12 16:11:09,2025-06-12 16:11:08.747,75.18665309519507,90.9640367607813,100.83075328841753,94.45109310202848,97.1403181033559,91.11515662539573,87.82320876766352,84.91098586611004
2025-06-12 16:11:22,75.05413880163394,90.7624341854173,100.56320235409926,94.17273251447807,96.9666849264302,91.05206470738294,87.69159955197172,84.80518122430118,2025-06-12 16:11:22,2025-06-12 16:11:22.410,75.02709839491013,90.76250747713736,100.39207039033748,94.09860290747396,96.8645207137621,90.9075522684167,87.55186396418816,84.74691137241867
2025-06-12 16:11:27,75.05413880163394,90.73739690471925,100.52492284881299,94.14498356670622,96.81333990750153,90.900132070229,87.54407535211425,84.66239931263297,2025-06-12 16:11:27,2025-06-12 16:11:26.790,75.06210746224437,90.72439952635204,100.4546570347423,94.09946552549025,96.91505069088346,90.95004630464663,87.64353330957016,84.77092713351142
2025-06-12 16:11:29,75.0231644627802,90.68732234332312,100.48664334352671,94.10336014504844,96.81333990750153,90.90962786005112,87.55748664301038,84.67429780527198,2025-06-12 16:11:29,2025-06-12 16:11:28.998,74.95422903983255,90.56440307458044,100.37047133024627,94.04432655686207,96.68960030573577,90.7807920497407,87.47235363747424,84.69061290347528
2025-06-12 16:11:52,74.65147239653525,90.26168857145609,99.9890097748051,93.64550250681302,96.28253022659457,90.41584678930084,87.08138581619762,84.23405357762832,2025-06-12 16:11:52,2025-06-12 16:11:51.678,74.6925813216219,90.28221025097554,99.86272341145288,93.70686360139054,96.3407055001906,90.44699192646864,87.24645772801999,84.35738133065551
2025-06-12 16:11:54,74.43465202455903,89.9362039223813,99.6444942272286,93.31251513355089,96.11738943697908,90.26391415214691,86.92045032544402,84.08532241964059,2025-06-12 16:11:54,2025-06-12 16:11:53.908,74.75865904126717,90.12707769598008,99.99640190495953,93.74771371761716,96.50704461774112,90.44812502121776,87.22260635030452,84.50549518630086
2025-06-12 16:12:12,74.55854937997401,90.11146488726772,99.83589175366,93.49288329406788,96.1291852076659,90.29240152161327,86.9673898435805,84.13886563651617,2025-06-12 16:12:12,2025-06-12 16:12:12.029,74.49365799862422,90.10187576397294,99.9169023213652,93.42230533410782,96.26227386553003,90.32409034188542,87.03222070012586,84.22812860402524
2025-06-12 16:12:17,74.46562636341278,90.01131576447547,99.68277373251487,93.36801302909458,96.09379789560543,90.2544183623248,86.9271559708921,84.11506865123813,2025-06-12 16:12:17,2025-06-12 16:12:16.631,74.48674779409698,90.10685479115736,99.71757085342806,93.36308772300414,96.17733626159192,90.31970982219876,87.01248236734756,84.21598493224329
2025-06-12 16:12:19,74.52757504112026,90.0613903258716,99.77847249573057,93.43738539852419,96.03481904217134,90.18794783356995,86.86009951641142,84.04367769540403,2025-06-12 16:12:19,2025-06-12 16:12:18.813,74.64661197821553,90.05042631451063,99.71943127693989,93.5540418412656,96.19994251286616,90.3862725006268,86.95021237321852,84.30432369145497
2025-06-12 16:12:39,74.43465202455903,89.98627848377741,99.68277373251487,93.36801302909458,95.95224864736358,90.11198151499299,86.77963177103462,83.9663374932504,2025-06-12 16:12:39,2025-06-12 16:12:39.165,74.43380583701922,89.93308964448613,99.57745764193716,93.27804546876638,96.02505064506988,90.15555512030905,86.96780352472312,84.11249024368661
2025-06-12 16:12:44,74.46562636341278,90.01131576447547,99.72105323780116,93.39576197686641,96.08200212491862,90.24492257250269,86.91374467999596,84.09722091227961,2025-06-12 16:12:44,2025-06-12 16:12:43.721,74.29631419221154,89.97604200980315,99.51979864067886,93.35045927741275,96.02033283948282,90.04644588135092,86.75542952802437,83.93974931145708
2025-06-12 16:12:46,74.46562636341278,89.98627848377741,99.70191348515802,93.38188750298049,96.03481904217134,90.19744362339208,86.87351080730755,84.04367769540403,2025-06-12 16:12:46,2025-06-12 16:12:46.016,74.40396823642213,89.98847523054552,99.69496394172984,93.34450683461476,95.93942310776596,90.17462402421482,86.86994683845052,84.0476469228741
2025-06-12 16:13:04,74.2178316525828,89.71086839609875,99.35739793758152,93.06277460360428,95.63376283881941,89.81761203050725,86.50470030766388,83.68672291623349,2025-06-12 16:13:04,2025-06-12 16:13:03.974,73.99433405983,89.56243354795527,99.1542772647452,92.90065483315377,95.51907718601126,89.69109593454145,86.51287801937292,83.65047431339673
2025-06-12 16:13:06,74.12490863602156,89.58568199260844,99.24255942172269,92.95177881251692,95.62196706813259,89.80811624068514,86.49128901676775,83.68672291623349,2025-06-12 16:13:06,2025-06-12 16:13:06.412,73.83229679904036,89.30132950681808,98.97790218487089,92.7168180679188,95.25658298121482,89.4772928356604,86.21821981658007,83.47929963805731
2025-06-12 16:13:11,74.00101128060658,89.43545830842007,99.0511618952913,92.77141065199993,95.38605165439617,89.58021728495423,86.28341400787767,83.50824552664821,2025-06-12 16:13:11,2025-06-12 16:13:10.855,73.89686534424206,89.29724080222043,98.89478325987034,92.52519845268915,95.33373666250796,89.47681500352363,86.28979931683496,83.43893799239976
2025-06-12 16:13:24,73.78419090863036,89.18508550143946,98.7640656056442,92.5077956481674,95.2327066354675,89.43778043762242,86.14930109891634,83.3714128612995,2025-06-12 16:13:24,2025-06-12 16:13:24.424,73.88345047064851,89.24956913068849,98.86619860092792,92.55578463875813,95.21289293812258,89.39647021199622,86.04973466357657,83.4586193248296
2025-06-12 16:13:29,73.87711392519161,89.2852346242317,98.89804387414618,92.63266591314071,95.20911509409385,89.40929306815606,86.10906722622794,83.34166662970196,2025-06-12 16:13:29,2025-06-12 16:13:28.883,73.77276501611156,89.26611228157708,98.83122373636036,92.49651207848144,95.2731622792146,89.47266864321908,86.12476393127655,83.42842120712977
2025-06-12 16:13:31,73.8151652474841,89.21012278213753,98.80234511093049,92.53554459593926,95.25629817684113,89.46626780708878,86.17612368070861,83.38926060025803,2025-06-12 16:13:31,2025-06-12 16:13:31.222,73.86933565126385,89.2954308102662,98.83555859100127,92.62721439830128,95.22081405062896,89.39481671119762,86.2441154065038,83.49596049498628
2025-06-12 16:13:54,73.69126789206912,89.05989909794916,98.64922708978537,92.39679985708003,94.94960813898378,89.17189832260304,85.88778092644172,83.11559526956061,2025-06-12 16:13:54,2025-06-12 16:13:53.787,73.54315714973443,88.88736796230745,98.49739430390945,92.22430508434934,94.92381222860344,89.09204768776104,85.8577541742168,83.01193041635393
2025-06-12 16:13:56,73.59834487550789,88.95974997515692,98.53438857392653,92.27192959210673,94.96140390967061,89.18139411242517,85.89448657188979,83.13344300851915,2025-06-12 16:13:56,2025-06-12 16:13:56.055,73.43030422045405,88.85753296030133,98.33502935404444,92.22195561049011,94.7724461083826,88.97012892190797,85.74807890890088,82.97361384174238
2025-06-12 16:14:01,73.56737053665414,88.93471269445885,98.49610906864027,92.24418064433489,94.96140390967061,89.2003856920694,85.89448657188979,83.13939225483865,2025-06-12 16:14:01,2025-06-12 16:14:00.571,73.72414307777797,89.12677815831726,98.62568135826392,92.47481975705092,95.10385310289536,89.26297585821486,85.98206659004234,83.12028249053671
2025-06-12 16:14:14,73.69126789206912,89.08493637864723,98.66836684242851,92.41067433096596,95.18552355272021,89.3808056986897,86.06212770809147,83.28812341282638,2025-06-12 16:14:14,2025-06-12 16:14:14.138,73.76382149850512,89.19976557409288,98.89181340428637,92.5011469631684,95.14603697693832,89.33403367042901,86.03188618096517,83.10851150116257
2025-06-12 16:14:19,73.72224223092287,89.13501094004334,98.7066463477148,92.45229775262372,95.07936161653882,89.27635201064638,85.9749543172666,83.19293547171424,2025-06-12 16:14:19,2025-06-12 16:14:18.694,73.48022871322672,88.95871686103875,98.5920736150458,92.17817588866656,94.78642266231157,89.01073276298743,85.70265008527142,82.9615088808898
2025-06-12 16:14:21,73.69126789206912,89.08493637864723,98.66836684242851,92.41067433096596,95.04397430447835,89.24786464118002,85.94142609002625,83.16318924011668,2025-06-12 16:14:21,2025-06-12 16:14:20.922,73.69288222909728,89.15245724504922,98.64872884863564,92.34179785625128,95.09506562476548,89.21980802835996,86.0643070440734,83.13251784818938
2025-06-12 16:14:39,73.62931921436163,89.0348618172511,98.6109475844991,92.34130196153633,94.98499545104424,89.17189832260304,85.87436963554559,83.08584903796307,2025-06-12 16:14:39,2025-06-12 16:14:38.964,73.39411406836857,88.8716106589442,98.31239226205118,92.1943305798102,94.7076433036642,88.99217537392003,85.60993732828442,82.9933766105023
2025-06-12 16:14:41,73.62931921436163,89.00982453655304,98.6109475844991,92.32742748765043,94.87883351486286,89.07694042438183,85.78719624472073,83.00255958948995,2025-06-12 16:14:41,2025-06-12 16:14:41.309,73.40224338357898,88.8903549523408,98.35490825888596,92.099828842085,94.76717746827224,88.9310077829398,85.67887651059824,82.89739925367678
2025-06-12 16:14:46,73.5363961978004,88.85960085236466,98.43868981071084,92.1886827487912,94.65471387181326,88.87752883811731,85.59273252672678,82.82408219990468,2025-06-12 16:14:46,2025-06-12 16:14:45.830,73.56262890576637,88.82036379631133,98.39973524300262,92.18518174937456,94.73254860197034,88.94590100864272,85.67713687921996,82.90434703962065
2025-06-12 16:14:59,73.35055016467793,88.68433988747825,98.22815253163633,91.98056564050236,94.70189695456054,88.91551199740579,85.63296639941518,82.8359806925437,2025-06-12 16:14:59,2025-06-12 16:14:59.398,73.52547435890976,88.65155419349917,98.25107529938523,92.18648429106652,94.62225420537015,88.75955455348475,85.62207773519157,82.86771755396879
2025-06-12 16:15:04,73.4124988423854,88.73441444887436,98.2664320369226,92.03606353604606,94.66650964250007,88.86803304829519,85.58602688127871,82.79433596830714,2025-06-12 16:15:04,2025-06-12 16:15:03.852,73.43858938612118,88.72594202043126,98.29921552724625,91.9969237812955,94.66419537695424,88.80419234351437,85.55612914678618,82.7675850232163
2025-06-12 16:15:06,73.31957582582417,88.63426532608213,98.1707332737069,91.93894221884459,94.53675616494505,88.76357936025185,85.4720309086616,82.68724953455596,2025-06-12 16:15:06,2025-06-12 16:15:06.099,73.39730431564952,88.87053596436711,98.33260933800425,92.05329313483853,94.73170315878036,88.86642705545702,85.59951131672231,82.91951642472019
2025-06-12 16:15:29,73.50542185894665,88.85960085236466,98.40041030542457,92.14705932713343,94.79626312005512,89.00097410580487,85.70002285389586,82.9133208946973,2025-06-12 16:15:29,2025-06-12 16:15:28.760,73.68372826510786,88.97241007244163,98.72593873564033,92.28722976037324,94.99897146429971,88.98500094315588,85.7346039962769,82.94837448690613
2025-06-12 16:15:31,73.5363961978004,88.88463813306274,98.45782956335398,92.17480827490529,94.77267157868147,88.9629909465164,85.65978898120746,82.88357466309976,2025-06-12 16:15:31,2025-06-12 16:15:31.011,73.76153277115633,88.99473573142731,98.70467923928098,92.268735640467,94.95130011497734,89.07859168446298,85.87013142417693,83.09822815644662
2025-06-12 16:15:36,73.56737053665414,88.95974997515692,98.53438857392653,92.27192959210673,94.86703774417603,89.05794884473761,85.74025672658426,82.97876260421191,2025-06-12 16:15:36,2025-06-12 16:15:35.544,73.6181166813999,89.1071122503565,98.76813533033352,92.41773213315636,95.03517953549624,89.1714074576381,85.96067113072569,83.17357909184054
2025-06-12 16:15:49,73.75321656977663,89.18508550143946,98.78320535828735,92.4939211742815,95.09115738722564,89.25736043100213,85.914603508234,83.12154451588012,2025-06-12 16:15:49,2025-06-12 16:15:49.111,73.97765048059313,89.34142210806151,99.06300081093688,92.63749824204096,95.36548775712846,89.49465393991014,86.10297198885368,83.11295148172023
2025-06-12 16:15:54,73.87711392519161,89.33530918562784,98.97460288471873,92.64654038702663,95.24450240615431,89.39030148851182,86.04201077174726,83.2405294422703,2025-06-12 16:15:54,2025-06-12 16:15:53.667,73.90385793358872,89.3976809047294,99.07096214910732,92.64220090730356,95.26447075815553,89.37131267891188,86.09911201642079,83.1969917964554
2025-06-12 16:15:56,73.87711392519161,89.3603464663259,98.97460288471873,92.67428933479847,95.25629817684113,89.40929306815606,86.0554220626434,83.25242793490933,2025-06-12 16:15:56,2025-06-12 16:15:55.895,73.92986679973133,89.37849356031863,98.92861502723552,92.58261586478062,95.25969730549728,89.38253489494423,86.00649114305071,83.08040123207445
2025-06-12 16:15:58,73.9390626028991,89.43545830842007,99.0511618952913,92.74366170422807,95.2327066354675,89.3808056986897,86.015188189955,83.21673245699228,2025-06-12 16:15:58,2025-06-12 16:15:58.219,73.87126372152436,89.24797432944311,98.93376230483108,92.57398832425775,95.21234550672884,89.38524376518419,85.8690005538778,83.14741827991861
2025-06-12 16:16:03,73.75321656977663,89.18508550143946,98.80234511093049,92.4939211742815,95.19731932340703,89.34282253940123,85.99507125361079,83.19888471803374,2025-06-12 16:16:03,2025-06-12 16:16:02.679,73.92699568101722,89.38204269735682,99.05122192799575,92.73446757953351,95.19154205311725,89.32480350618742,85.92354612719464,83.26021601764627
2025-06-12 16:16:16,73.84613958633786,89.31027190492976,98.91718362678931,92.60491696536886,95.13834046997292,89.29534359029061,85.93472044457819,83.15129074747767,2025-06-12 16:16:16,2025-06-12 16:16:16.253,74.12577089160081,89.60294666882426,99.12773244949187,92.8394231380545,95.4456127685751,89.5638283552722,86.08327394873602,83.37330956427576
2025-06-12 16:16:21,73.9390626028991,89.43545830842007,99.07030164793443,92.757536178114,95.3506643423357,89.49475517655516,86.10906722622794,83.32976813706294,2025-06-12 16:16:21,2025-06-12 16:16:20.802,74.16423547142811,89.59589672528136,99.22389613110506,92.88098931091923,95.51230284517143,89.61975582749247,86.24611513741422,83.31817626077836
2025-06-12 16:16:23,73.9390626028991,89.43545830842007,99.07030164793443,92.74366170422807,95.39784742508299,89.53273833584363,86.14930109891634,83.35951436866048,2025-06-12 16:16:23,2025-06-12 16:16:23.031,73.988842439802,89.54030532548623,99.07868220830792,92.86437704164564,95.4124400371838,89.49165832803016,86.0586850684276,83.34587315422617
2025-06-12 16:16:41,73.97003694175284,89.4855328698162,99.12772090586384,92.79915959977177,95.37425588370934,89.52324254602152,86.13588980802021,83.35356512234098,2025-06-12 16:16:41,2025-06-12 16:16:41.054,74.13400859619667,89.61890219587173,99.18073374250116,92.85226784243092,95.34720816292725,89.56006722227399,86.12817670607565,83.23649491674884
2025-06-12 16:16:43,73.87711392519161,89.3603464663259,98.97460288471873,92.66041486091254,95.30348125958842,89.44727622744455,86.06212770809147,83.2940726591459,2025-06-12 16:16:43,2025-06-12 16:16:43.387,73.95763071772419,89.34950441528271,98.83488596807469,92.63546153499632,95.11951960977784,89.26949060506095,85.86440788024052,82.95538779496373
2025-06-12 16:16:48,73.97003694175284,89.46049558911814,99.10858115322071,92.77141065199993,95.19731932340703,89.33332674957909,85.94813173547432,83.17508773275571,2025-06-12 16:16:48,2025-06-12 16:16:47.938,74.01260595237733,89.57496623465208,99.08429817127995,92.78043326470396,95.27850354981436,89.45361098156916,86.05495667775132,83.1736602488478
2025-06-12 16:17:06,73.66029355321538,89.10997365934527,98.7066463477148,92.39679985708003,94.92601659761014,89.08643621420397,85.70672849934392,82.95496561893387,2025-06-12 16:17:06,2025-06-12 16:17:05.961,73.81261680461924,89.00741569169402,98.74742952891704,92.3156174355834,94.86506215851692,89.0514895715178,85.62424810471784,82.86454757776512
2025-06-12 16:17:08,73.59834487550789,89.00982453655304,98.6109475844991,92.3135530137645,94.87883351486286,89.04845305491547,85.66649462665552,82.91927014101682,2025-06-12 16:17:08,2025-06-12 16:17:08.209,73.81011116676885,89.01610255928199,98.66707796298944,92.30246772939188,94.85642338710126,89.16224916320601,85.62972259373542,82.8562181546997
2025-06-12 16:17:11,73.59834487550789,89.00982453655304,98.59180783185596,92.28580406599265,94.74908003730782,88.92500778722791,85.55920429948645,82.81218370726565,2025-06-12 16:17:11,2025-06-12 16:17:10.551,73.73783336735983,89.01698994137932,98.63341286652388,92.2678211687248,94.83992637069616,89.08043873170416,85.56232566324262,82.66977219341298
2025-06-12 16:17:31,73.16470413155544,88.48404164189375,97.99847549991865,91.74469958444169,93.68746067549392,87.91845406608313,84.56676877317256,81.89005052774176,2025-06-12 16:17:31,2025-06-12 16:17:30.973,73.27728634367323,88.52426406363931,98.07730280203744,91.68447081689229,94.26979078204252,88.46847367690918,85.10730894629806,82.35972041977946
2025-06-12 16:17:33,73.16470413155544,88.45900436119571,97.97933574727551,91.73082511055577,94.24186189777451,88.459714085944,85.10322040901791,82.40763495753905,2025-06-12 16:17:33,2025-06-12 16:17:33.096,73.27038761765093,88.55353035458117,98.162158927853,91.71675167020852,94.3615757831242,88.62675433157678,85.14894982198662,82.29366932716086
2025-06-12 16:17:38,73.1337297927017,88.40892979979957,97.94105624198923,91.67532721501209,94.30084075120863,88.51668882487672,85.15686557260243,82.46712742073414,2025-06-12 16:17:38,2025-06-12 16:17:37.651,73.65520173082699,88.7304900755119,98.3041318572365,92.0832326861611,94.66275923735552,88.9065108945475,85.42936690155551,82.57775207909582
2025-06-12 16:17:51,73.04080677614047,88.30878067700733,97.80707797348727,91.5643314239247,94.05312956678537,88.27929407932372,84.92887362736816,82.2410560605928,2025-06-12 16:17:51,2025-06-12 16:17:51.224,73.19445295888983,88.36803642410437,97.8389357621277,91.53553783379364,94.098057711345,88.28341659747521,84.90141520820042,82.12592845440665
2025-06-12 16:17:56,72.97885809843297,88.25870611561122,97.74965871555784,91.50883352838102,94.04133379609856,88.26030249967947,84.90875669102397,82.22320832163426,2025-06-12 16:17:56,2025-06-12 16:17:55.892,73.15285042513756,88.19667398708394,97.69882506966042,91.53985834543909,94.06688701218478,88.34927677616524,84.9313725171601,82.14116376705849
2025-06-12 16:17:58,72.94788375957923,88.20863155421507,97.71137921027157,91.46721010672324,94.0649253374722,88.28878986914583,84.93557927281623,82.2470053069123,2025-06-12 16:17:58,2025-06-12 16:17:58.007,72.91963749912308,88.27812009039805,97.77350236236842,91.47089290908688,93.96877574475248,88.18947272707526,84.83649387285423,81.99821087357202
2025-06-12 16:18:16,72.66911470989551,87.88314690514031,97.34772391005193,91.13422273346113,93.69925644618074,87.9564372253716,84.62711958220515,81.94954299093685,2025-06-12 16:18:16,2025-06-12 16:18:16.032,72.79456163456948,87.89478144532485,97.42456510736972,91.1946498971734,93.60633581816874,88.03489981478735,84.55333487873064,81.70452637205435
2025-06-12 16:18:18,72.60716603218802,87.80803506304612,97.27116489947937,91.0509758901456,93.58129873931253,87.84248774750617,84.51982925503609,81.83055806454666,2025-06-12 16:18:18,2025-06-12 16:18:18.390,72.62882323919342,87.79685016643457,97.3185465895412,90.97662943130916,93.5527675112125,87.87298350789253,84.47425620011926,81.75926559212529
2025-06-12 16:18:23,72.54521735448053,87.73292322095193,97.17546613626368,90.98160352071596,93.43974949107067,87.70954668999647,84.39912763697087,81.7234716307955,2025-06-12 16:18:23,2025-06-12 16:18:22.916,72.77553694340988,88.1680319574574,97.52211597604996,91.48193722581496,93.7557530065894,88.10764604738242,84.75279383575844,82.00299013729122
2025-06-12 16:18:36,72.57619169333427,87.78299778234805,97.23288539419309,91.03710141625967,93.48693257381797,87.73803405946283,84.41924457331508,81.72942087711502,2025-06-12 16:18:36,2025-06-12 16:18:36.485,72.62683065163517,87.70836657377943,97.09807508776058,90.90421651178193,93.44594086792505,87.75520710375564,84.30636791388008,81.59646527911613
2025-06-12 16:18:41,72.23547396594307,87.35736401048102,96.75439157811462,90.57924377802425,93.10946791183969,87.38668983604437,84.0705510100156,81.41411082218104,2025-06-12 16:18:41,2025-06-12 16:18:40.941,72.47021087586877,87.55106339256665,96.97092886484091,90.7086280549942,93.31291646899948,87.59968656283361,84.16994083645355,81.39896686413236
2025-06-12 16:18:43,72.39034566021179,87.58269953676356,97.00320836247542,90.81510983408492,93.35717909626293,87.61458879177526,84.30524860069795,81.62233444336385,2025-06-12 16:18:43,2025-06-12 16:18:43.285,72.55743967146928,87.74376830703845,96.88053819790892,90.86550342341128,93.37150981940869,87.65602279450526,84.22699557818501,81.41904803994997
2025-06-12 16:19:06,72.14255094938183,87.23217760699072,96.62041330961264,90.46824798693686,93.0033059756583,87.30122772764528,84.010200200983,81.33677062002742,2025-06-12 16:19:06,2025-06-12 16:19:05.851,72.17320605017696,87.26248469202847,96.59767768860898,90.40856818222156,92.9826210687741,87.34102180770878,84.02537649221493,81.24501362801087
2025-06-12 16:19:08,72.17352528823557,87.25721488768876,96.65869281489893,90.50987140859462,92.92073558085055,87.2157656192462,83.93643810105428,81.27727815683232,2025-06-12 16:19:08,2025-06-12 16:19:08.104,72.22111371115649,87.28174085911239,96.62073217852064,90.42003963244863,92.9717070676886,87.33714064838418,84.02009491341927,81.29856710256706
2025-06-12 16:19:13,72.01865359396685,87.08195392280234,96.4481555358244,90.31562877419172,92.8971440394769,87.19677403960196,83.91632116471007,81.26537966419332,2025-06-12 16:19:13,2025-06-12 16:19:12.636,72.1082700818467,87.1234223428774,96.3317302681292,90.27937502042349,92.82634582524958,87.17194411460733,83.93340122605474,81.3006711776811
2025-06-12 16:19:33,71.95670491625935,87.00684208070815,96.37159652525185,90.23238193087619,92.77918633260869,87.0828245617365,83.809030837541,81.16424247676166,2025-06-12 16:19:33,2025-06-12 16:19:32.989,71.8564269082233,86.92437213459436,96.27043187459547,90.13659898046316,92.479007667554,86.9287227644365,83.61041045021348,80.957148401217
2025-06-12 16:19:35,71.89475623855186,86.95676751931204,96.33331701996556,90.19075850921841,92.74379902054822,87.05433719227014,83.78220825574873,81.1225977525251,2025-06-12 16:19:35,2025-06-12 16:19:35.233,72.11698423528821,87.18237621442543,96.5779864463256,90.31675941609456,92.81320263480698,87.24655929525724,83.95568235311158,81.1774133104251
2025-06-12 16:19:40,71.39916681689193,86.33083550186052,95.62514617216944,89.53865823658009,92.59045400161955,86.9024045551162,83.63468405589127,80.97981584085687,2025-06-12 16:19:40,2025-06-12 16:19:39.774,71.93536187848477,87.00029669290815,96.46351544874304,90.23290904569572,92.64383973630002,87.0165009893347,83.68064733664369,81.03687987409315
2025-06-12 16:19:53,71.83280756084437,86.88165567721785,96.25675800939301,90.13526061367473,92.75559479123505,87.04484140244803,83.78220825574873,81.11069925988608,2025-06-12 16:19:53,2025-06-12 16:19:53.341,71.94106933490525,87.15231591503768,96.36174653916422,90.24003324448616,92.741591606611,87.0673686401756,83.78222291348271,81.1210482899518
2025-06-12 16:19:58,71.95670491625935,87.03187936140623,96.42901578318126,90.30175430030579,92.80277787398234,87.09232035155863,83.8291477738852,81.15234398412264,2025-06-12 16:19:58,2025-06-12 16:19:57.897,71.94894116944283,86.94548060731888,96.35164721398314,90.20310010723394,92.69504832782684,87.05150601620132,83.81493987994789,81.03692229883855
2025-06-12 16:20:00,71.92573057740562,86.98180480001011,96.37159652525185,90.23238193087619,92.74379902054822,87.04484140244803,83.77550261030066,81.11069925988608,2025-06-12 16:20:00,2025-06-12 16:20:00.124,71.9857688198264,86.92984433457333,96.26352964575128,90.1952822399815,92.60487990058972,87.06199861901415,83.69524479156847,81.00370110337464
2025-06-12 16:20:05,71.80183322199063,86.83158111582173,96.1993387514636,90.09363719201697,92.62584131368001,86.94038771440471,83.68162357402772,81.03335905773245,2025-06-12 16:20:05,2025-06-12 16:20:04.584,71.95418289238405,86.9884196262116,96.33322560276928,90.09834683711978,92.64585130573516,86.98735342392507,83.63785149747949,80.98056681566787
2025-06-12 16:20:18,71.83280756084437,86.8566183965198,96.21847850410673,90.10751166590288,92.59045400161955,86.9024045551162,83.64138970133932,80.97981584085687,2025-06-12 16:20:18,2025-06-12 16:20:18.166,71.87048381136113,86.97936322427603,96.30212385974896,90.13511180594418,92.60160021139728,87.0531385153847,83.6517472942881,80.90739267607763
2025-06-12 16:20:25,71.77085888313688,86.80654383512368,96.16105924617732,90.0520137703592,92.59045400161955,86.91190034493835,83.64809534678739,80.99171433349589,2025-06-12 16:20:25,2025-06-12 16:20:25.032,71.82853504639726,86.90677498878253,96.16856923657362,90.2063321516637,92.56425804981912,86.97708197951206,83.60608825217764,80.86535338918421
2025-06-12 16:20:43,71.77085888313688,86.83158111582173,96.1993387514636,90.07976271813105,92.46070052406452,86.76946349760652,83.51398243782606,80.86678016078619,2025-06-12 16:20:43,2025-06-12 16:20:43.055,71.94054719072798,86.92411344580422,96.21113540989772,90.16040948162382,92.53346147960822,86.90749868039515,83.48982671084455,80.9647030220398
2025-06-12 16:20:45,71.70891020542939,86.70639471233143,96.06536048296162,89.95489245315774,92.37813012925677,86.7124887586738,83.45363162879346,80.81323694391062,2025-06-12 16:20:45,2025-06-12 16:20:45.283,71.77564783182109,86.85847745817617,95.98868396929706,90.00563420200962,92.49385928748276,86.85067290967052,83.44304523422619,80.80770094139724
2025-06-12 16:20:48,71.67793586657564,86.68135743163337,96.02708097767534,89.91326903149998,92.38992589994359,86.72198454849593,83.46033727424152,80.83703392918866,2025-06-12 16:20:48,2025-06-12 16:20:47.611,71.7919581582017,86.77915404505286,96.17228616621271,90.12309769245228,92.4402284067784,86.77687063564414,83.46993858243468,80.76719209505599
2025-06-12 16:21:08,71.43014115574567,86.38091006325664,95.70170518274199,89.63577955378153,92.165806256894,86.5320687520535,83.30610742893597,80.71209975647898,2025-06-12 16:21:08,2025-06-12 16:21:07.964,71.33475634144025,86.32112279656592,95.6925102563855,89.54252352913664,91.95003475844662,86.43494489237769,83.26919349186257,80.56696448001043
2025-06-12 16:21:10,71.49208983345316,86.43098462465275,95.73998468802826,89.66352850155337,92.15401048620717,86.5320687520535,83.30610742893597,80.71804900279848,2025-06-12 16:21:10,2025-06-12 16:21:10.193,71.55984651848567,86.36803817764662,95.61778743906682,89.60363337234837,92.05746362960144,86.53275645686577,83.18427960442193,80.5976960630373
2025-06-12 16:21:15,71.39916681689193,86.33083550186052,95.62514617216944,89.55253271046601,92.10682740345989,86.4845898029429,83.25246226535145,80.6645057859229,2025-06-12 16:21:15,2025-06-12 16:21:14.747,71.4534512150949,86.19872911819036,95.489315688288,89.39758954525502,91.84209184664348,86.37390991898897,83.07436430069933,80.46593543361168
2025-06-12 16:21:28,71.33721813918443,86.25572365976633,95.56772691424001,89.49703481492232,91.98886969659168,86.37064032507746,83.15187758363045,80.56931784481075,2025-06-12 16:21:28,2025-06-12 16:21:28.337,71.40863388975778,86.32159949129503,95.71947556205428,89.59348504606314,92.09662670745878,86.51798148824075,83.33688235857525,80.57041379928084
2025-06-12 16:21:33,71.33721813918443,86.23068637906827,95.54858716159687,89.48316034103638,92.04784855002578,86.42761506401018,83.20552274721499,80.61096256904732,2025-06-12 16:21:33,2025-06-12 16:21:32.871,71.24824961798133,86.34135128579905,95.46547543805606,89.42913144437853,91.91877175902805,86.3477534029947,83.06311971391351,80.4708772119123
2025-06-12 16:21:35,71.33721813918443,86.2807609404644,95.56772691424001,89.51090928880824,91.95348238453121,86.33265716578897,83.11834935639011,80.5336223668937,2025-06-12 16:21:35,2025-06-12 16:21:35.198,71.13226764635395,86.12784908033463,95.43065060910928,89.47026918739859,91.7756547909368,86.24181955347012,82.97481965906242,80.541803423204
2025-06-12 16:21:40,71.30624380033069,86.20564909837022,95.49116790366745,89.44153691937862,92.01246123796533,86.39912769454382,83.18540581087079,80.60501332272781,2025-06-12 16:21:40,2025-06-12 16:21:39.574,71.17395741766921,85.99172155649754,95.3549724570482,89.29474608152894,91.81462565160442,86.22054080758583,82.98351384708172,80.39136487969974
2025-06-12 16:21:53,71.21332078376946,86.10549997557797,95.35718963516548,89.31666665440534,91.78834159491572,86.19971610827929,82.9976477383249,80.43248517946203,2025-06-12 16:21:53,2025-06-12 16:21:53.222,71.11699077851135,85.9326949547851,95.16861609445394,89.23714846388641,91.72329468311835,86.16654639862544,82.96008852071631,80.43504526180482
2025-06-12 16:22:00,71.08942342835448,85.93023901069154,95.1657921087341,89.15017296777427,91.5524261811793,85.98131294237052,82.78977272943484,80.23616005091824,2025-06-12 16:22:00,2025-06-12 16:22:00.006,70.41099470478191,84.96812052427605,94.31872920726482,88.11407610485026,90.71858768156584,85.2947269135691,81.92730615359321,79.453225883907
2025-06-12 16:22:18,70.71773136210952,85.47956795812645,94.66815854001248,88.66456638176699,91.08059535370644,85.53501082073085,82.34720012986241,79.83161130119163,2025-06-12 16:22:18,2025-06-12 16:22:18.048,70.56091382777774,85.17049058000997,94.35940867568168,88.33194441268172,90.84376922379424,85.247894724935,82.09872916759976,79.5949351858078
2025-06-12 16:22:20,70.59383400669454,85.35438155463613,94.51504051886737,88.52582164290776,90.98622918821188,85.44005292250964,82.26673238448562,79.75427109903801,2025-06-12 16:22:20,2025-06-12 16:22:20.256,70.44832194482731,85.42582276532805,94.4403631833752,88.56197112480058,90.969142979227,85.4420587784085,82.26733438044698,79.87579895911685
2025-06-12 16:22:23,70.5628596678408,85.27926971254196,94.45762126093796,88.48419822125,91.04520804164599,85.50652345126448,82.33378883896629,79.81376356223309,2025-06-12 16:22:23,2025-06-12 16:22:22.584,70.35657471487758,85.28365134982784,94.27986220897886,88.48484257546214,90.7583673635017,85.4019758153922,82.1478306284146,79.6499456386896
2025-06-12 16:22:45,70.37701363471832,85.02889690556135,94.17052497129087,88.22058321741748,90.67953915035453,85.16467501766815,82.00521221201102,79.51035199993815,2025-06-12 16:22:45,2025-06-12 16:22:45.173,70.39592951750161,85.15283217021556,94.26865242356386,88.25323711539986,90.7637185202246,85.22657838937862,81.9252593117273,79.51065807709503
2025-06-12 16:22:47,70.4389623124258,85.10400874765553,94.24708398186343,88.303830060733,90.67953915035453,85.16467501766815,82.00521221201102,79.51035199993815,2025-06-12 16:22:47,2025-06-12 16:22:47.392,70.31400128504329,84.97709213220092,94.1980163121982,88.16133129533878,90.71773385887992,85.14095765084761,81.97030364117722,79.43425043390306
2025-06-12 16:22:50,70.40798797357206,85.07897146695747,94.22794422922028,88.27608111296118,90.65594760898088,85.13618764820178,81.98509527566681,79.49250426097962,2025-06-12 16:22:50,2025-06-12 16:22:49.720,70.13860928825073,84.88566407971423,94.00058639663408,88.03147395620074,90.47843181661206,85.04610695106376,81.77568724423529,79.41007276599923
2025-06-12 16:22:57,70.31506495701082,84.95378506346717,94.07482620807518,88.13733637410195,90.62056029692043,85.10770027873542,81.95827269387455,79.46870727570159,2025-06-12 16:22:57,2025-06-12 16:22:56.519,70.2903633956749,85.01048991074813,94.24426097545718,88.3006866922323,90.5937866126441,85.25361019919045,82.04624600242272,79.44665446509458
2025-06-12 16:23:10,70.19116760159584,84.8035613792788,93.90256843428693,87.9847171613568,90.57337721417314,85.06022132962481,81.92474446663421,79.42706255146503,2025-06-12 16:23:10,2025-06-12 16:23:10.070,70.193198837677,84.62094775110543,93.81404591013457,87.88358229974178,90.3166318482058,84.79017147610995,81.54106243890996,79.04553138473472
2025-06-12 16:23:12,70.1601932627421,84.8035613792788,93.90256843428693,87.95696821358497,90.46721527799176,84.96526343140361,81.83086543036127,79.33187461035287,2025-06-12 16:23:12,2025-06-12 16:23:12.299,70.02545567066608,84.70505947023784,93.82611151270947,87.95405865240178,90.39298409418684,84.83190404256032,81.67101367310276,79.09245825623029
2025-06-12 16:23:15,70.1601932627421,84.75348681788267,93.86428892900064,87.92921926581312,90.39644065387083,84.89879290264876,81.77051462132866,79.27833139347729,2025-06-12 16:23:15,2025-06-12 16:23:14.530,70.17527545219015,84.82857986396701,93.94028918410544,88.09690054507617,90.53289301352046,85.03476005235875,81.95256303557902,79.4178197713427
2025-06-12 16:23:17,70.1601932627421,84.77852409858075,93.90256843428693,87.95696821358497,90.43182796593129,84.92728027211513,81.79733720312093,79.30212837875533,2025-06-12 16:23:17,2025-06-12 16:23:16.968,70.17002902134075,84.72258814347596,93.84776409922236,87.95742745024285,90.34923424766934,84.83552648187279,81.72306699107038,79.08209522486504
2025-06-12 16:23:30,69.72655251878965,84.22770392322339,93.27095659706335,87.38811478426216,89.73587749540884,84.29106235403304,81.18712346734685,78.72505148576296,2025-06-12 16:23:30,2025-06-12 16:23:30.458,69.39455512400382,83.8716531055763,92.77383305535209,87.02354439443224,89.3814975153416,84.02586149365645,80.94801381474389,78.44525368471031
2025-06-12 16:23:35,69.47875780795968,83.9022192741486,92.9073012968437,87.04125293711411,89.55894093510652,84.12013813723487,81.0395992674894,78.60011731305326,2025-06-12 16:23:35,2025-06-12 16:23:34.978,69.28039857835414,83.65123299922529,92.65539904353408,86.80424379227605,89.27261693470557,83.81948770866018,80.8552581200648,78.34823007599199
2025-06-12 16:23:37,69.54070648566717,84.00236839694085,93.00300006005939,87.13837425431556,89.55894093510652,84.11064234741275,81.03289362204133,78.57037108145572,2025-06-12 16:23:37,2025-06-12 16:23:37.206,69.43708334057803,83.92089261851199,92.89555055012056,87.09016845219733,89.48364620000035,84.00008059637807,81.02214676423094,78.49511171116008
2025-06-12 16:23:42,69.50973214681343,83.95229383554474,92.94558080212998,87.09675083265779,89.40559591617784,83.97770128990305,80.88536942218384,78.44543690874602,2025-06-12 16:23:42,2025-06-12 16:23:41.775,69.59041605119033,83.84852070842875,93.00289816935688,87.15224777325741,89.59491728538185,84.1163511834136,81.12314596194915,78.69607984828859
2025-06-12 16:23:55,69.54070648566717,84.00236839694085,93.02213981270253,87.15224872820149,89.39380014549103,83.9492139204367,80.87195813128771,78.41569067714849,2025-06-12 16:23:55,2025-06-12 16:23:55.230,69.34522800196628,83.85481796036782,92.90101284817162,86.93601638095278,89.33203180984097,83.94878798502708,80.78460063292316,78.3507159564428
2025-06-12 16:24:02,69.38583479139845,83.80207015135636,92.77332302834174,86.93025714602672,89.25225089724917,83.82576865274913,80.7512565132225,78.30860424339733,2025-06-12 16:24:02,2025-06-12 16:24:02.224,69.4121961001002,83.98678229007189,92.98652741828144,87.1008471354845,89.5755617933022,84.04452932087602,80.97865544686498,78.44885187564968
2025-06-12 16:24:07,69.3548604525447,83.80207015135636,92.79246278098486,86.94413161991265,89.46457476961196,84.02518023901366,80.93901458576838,78.47518314034357,2025-06-12 16:24:07,2025-06-12 16:24:06.606,69.70384960605928,84.21194176510807,93.23569886959952,87.27249054696134,89.82418706545214,84.32709634629185,81.16177261293542,78.80246862652335
2025-06-12 16:24:20,69.54070648566717,84.02740567763891,93.06041931798882,87.20774662374517,89.58253247648017,84.13912971687913,81.05301055838551,78.59416806673374,2025-06-12 16:24:20,2025-06-12 16:24:20.136,69.36118506122443,83.88972421852968,92.97332291801908,87.10693254830119,89.62936035661227,84.03457707459191,81.0590302829412,78.66385218159492
2025-06-12 16:24:22,69.54070648566717,84.02740567763891,93.04127956534568,87.17999767597333,89.68869441266155,84.2245918252782,81.14018394921038,78.67150826888737,2025-06-12 16:24:22,2025-06-12 16:24:22.363,69.39511280490187,83.97349208286418,92.97198352187004,87.17205245534534,89.52995841414885,84.1239545215269,80.93705911856068,78.6697958473361
2025-06-12 16:24:25,69.54070648566717,84.00236839694085,93.04127956534568,87.17999767597333,89.61791978854063,84.16761708634549,81.07983314017778,78.6179650520118,2025-06-12 16:24:25,2025-06-12 16:24:24.693,69.47396982974321,83.94381087365727,92.91845134153792,87.07467253827421,89.5697473320429,84.06439878304155,81.01667122623438,78.64994880659357
2025-06-12 16:24:45,69.16901441942223,83.55169734437575,92.52450624398092,86.7221400377379,89.18147627312824,83.77828970363854,80.7311395768783,78.2967057507583,2025-06-12 16:24:45,2025-06-12 16:24:45.138,69.15843781506344,83.4504434014138,92.52463611455124,86.72947595534721,89.17993527802525,83.77103678443379,80.75218325383574,78.38971392371182
2025-06-12 16:24:47,69.29291177483721,83.70192102856413,92.67762426512604,86.86088477659712,89.19327204381509,83.77828970363854,80.72443393143024,78.28480725811927,2025-06-12 16:24:47,2025-06-12 16:24:47.272,69.08284511260241,83.51577942438188,92.63799692218116,86.79898049534793,89.21586790524536,83.68684547808088,80.78564473582371,78.37333028392375
2025-06-12 16:24:50,69.19998875827596,83.62680918646994,92.58192550191035,86.76376345939568,89.18147627312824,83.76879391381641,80.70431699508603,78.26695951916076,2025-06-12 16:24:50,2025-06-12 16:24:49.518,69.13676788382243,83.48829418085408,92.50220341797308,86.71090998435137,89.10266074829656,83.67417674857262,80.72942909073743,78.30543933513614
2025-06-12 16:24:52,69.19998875827596,83.57673462507383,92.5627857492672,86.74988898550974,89.2168635851887,83.79728128328277,80.73784522232637,78.30265499707781,2025-06-12 16:24:52,2025-06-12 16:24:51.862,68.79549421558423,83.37424350138454,92.33304320541184,86.50389097402906,88.97002091706548,83.46588400113518,80.50588365882403,78.21341644771245
2025-06-12 16:25:10,68.82829669203102,83.15110085320677,92.06515218054558,86.2920313472743,88.78042006977634,83.40795390057582,80.36903472268268,77.9635479568658,2025-06-12 16:25:10,2025-06-12 16:25:09.951,68.4393619472061,82.9371678598351,91.96695547961347,86.06034567389015,88.6267107156066,83.23521594174916,80.25728078298656,77.8665077602939
2025-06-12 16:25:12,68.76634801432353,83.07598901111258,91.96945341732989,86.20878450395877,88.68605390428178,83.32249179217673,80.29527262275397,77.89215700103168,2025-06-12 16:25:12,2025-06-12 16:25:12.275,68.49819953968692,82.70127039750665,91.75316755700638,85.87714100608521,88.44970065742272,83.01433539342813,80.12270029264509,77.81662944285232
2025-06-12 16:25:17,68.73537367546979,83.00087716901842,91.89289440675735,86.13941213452917,88.45013849054534,83.10408862626797,80.09410325931195,77.71367961144642,2025-06-12 16:25:17,2025-06-12 16:25:16.653,68.42716959342066,82.91085172382337,91.83693069884384,86.0557621672529,88.64648272554514,83.15577676938719,80.17285850780937,78.01016814067812
2025-06-12 16:25:30,68.6734249977623,82.92576532692424,91.83547514882792,86.07003976509955,88.45013849054534,83.1230802059122,80.12092584110422,77.74342584304395,2025-06-12 16:25:30,2025-06-12 16:25:30.203,68.3892581322414,82.7011952086491,91.68885727672298,85.93428529268158,88.51874903242744,83.07660579875603,80.16680905601363,77.86393849303388
2025-06-12 16:25:37,68.54952764234731,82.75050436203782,91.64407762239654,85.9035460784685,88.26140615955622,82.9331644094698,79.95328470490254,77.5708976997782,2025-06-12 16:25:37,2025-06-12 16:25:37.089,68.31298598362689,82.56860952446762,91.4902696335584,85.84486507241208,88.35298555386412,82.93520674426145,80.0422444435529,77.82185641230807
2025-06-12 16:25:39,68.48757896463981,82.70042980064167,91.58665836446711,85.86192265681073,88.23781461818257,82.91417282982555,79.92646212311027,77.54710071450016,2025-06-12 16:25:39,2025-06-12 16:25:39.315,68.34941695302354,82.66115885847574,91.60517054214375,85.98548885996958,88.38160688539031,82.98495612610559,80.13579471975191,77.80326921097023
2025-06-12 16:25:42,68.54952764234731,82.80057892343393,91.6823571276828,85.95904397401219,88.29679347161667,82.96165177893616,79.96669599579867,77.59469468505624,2025-06-12 16:25:42,2025-06-12 16:25:41.565,68.24720215706644,82.58236971565601,91.5528046182603,85.8880494551519,88.34424014076846,82.89874816986287,80.00068563834667,77.60524175950121
2025-06-12 16:25:44,68.58050198120105,82.82561620413198,91.70149688032595,85.98679292178403,88.3085892423035,82.9806433585804,79.98681293214288,77.60659317769526,2025-06-12 16:25:44,2025-06-12 16:25:43.769,68.37576750111486,82.63952677707142,91.6488787554314,86.03202425943266,88.43039235458559,82.99045456736589,80.17202773215912,77.80268562008958
